gene_symbol,ensembl_gene_id,consensus_rna_target,domains
RPS11,ENSG00000142534,"ribosome","Ribosomal_S17[1]"
ERAL1,ENSG00000132591,"rRNA","MMR_HSR1[1],KH_1[1]"
DDX27,ENSG00000124228,"rRNA","Helicase_C[1],DEAD[1]"
DEK,ENSG00000124795,"mRNA","SAP[1],DEK_C[1]"
PSMA6,ENSG00000100902,"unknown","Proteasome[1],Proteasome_A_N[1]"
TRIM56,ENSG00000169871,"unknown","zf-C3HC4[1],zf-B_box[2]"
TRIM71,ENSG00000206557,"ncRNA","NHL[6],zf-RING_5[1],Filamin[1],zf-B_box[2]"
UPF2,ENSG00000151461,"mRNA","MIF4G[3],Upf2[1]"
FARS2,ENSG00000145982,"tRNA","FDX-ACB[1],tRNA-synt_2d[2]"
FDXACB1,ENSG00000262028,"tRNA","FDX-ACB[1],DUF2431[1]"
ALKBH8,ENSG00000137760,"tRNA","Methyltransf_11[1],2OG-FeII_Oxy_2[1],RRM_1[1],DUF1891[1]"
ZNF579,ENSG00000218891,"unknown","zf-C2H2_4[1],zf-H2C2_2[1],zf-C2H2[4]"
POLR2B,ENSG00000047315,"mRNA","RNA_pol_Rpb2_7[1],RNA_pol_Rpb2_4[1],RNA_pol_Rpb2_1[1],RNA_pol_Rpb2_3[1],RNA_pol_Rpb2_5[1],RNA_pol_Rpb2_6[1]"
WDR12,ENSG00000138442,"rRNA","WD40[7],NLE[1]"
RPF1,ENSG00000117133,"rRNA","Brix[1]"
MRPS34,ENSG00000074071,"ribosome","."
UBTF,ENSG00000108312,"rRNA","HMG_box[3],HMG_box_5[1],HMG_box_2[2]"
CDC5L,ENSG00000096401,"mRNA","Myb_Cef[1],Myb_DNA-bind_6[1]"
DAZAP1,ENSG00000071626,"mRNA","RRM_1[2]"
MSI1,ENSG00000135097,"mRNA","RRM_1[2]"
MSI2,ENSG00000153944,"mRNA","RRM_1[2]"
TARDBP,ENSG00000120948,"mRNA","RRM_1[2]"
TRIT1,ENSG00000043514,"tRNA","IPPT[1],zf-C2H2_jaz[1]"
MRPL36,ENSG00000171421,"ribosome","Ribosomal_L36[1]"
KPNB1,ENSG00000108424,"mRNA","IBN_N[1],HEAT_EZ[1]"
ZNFX1,ENSG00000124201,"unknown","AAA_11[1],AAA_12[1]"
SNRNP27,ENSG00000124380,"snRNA","DUF1777[1]"
RBMS2,ENSG00000076067,"mRNA","RRM_1[2]"
RBMS1,ENSG00000153250,"mRNA","RRM_1[2]"
RBMS3,ENSG00000144642,"mRNA","RRM_1[2]"
LARS2,ENSG00000011376,"tRNA","Anticodon_1[1],tRNA-synt_1[3]"
KIAA0020,ENSG00000080608,"mRNA","CPL[1]"
RBFOX1,ENSG00000078328,"mRNA","Fox-1_C[1],RRM_1[1]"
RBFOX2,ENSG00000100320,"mRNA","Fox-1_C[1],RRM_1[1]"
RBFOX3,ENSG00000267483,"mRNA","Fox-1_C[1],RRM_1[1]"
CWF19L1,ENSG00000095485,"mRNA","Metallophos_3[1],CwfJ_C_1[1],CwfJ_C_2[1]"
CWF19L2,ENSG00000152404,"mRNA","CwfJ_C_1[1],CwfJ_C_2[1]"
ZC3H15,ENSG00000065548,"unknown","zf-CCCH[1]"
LONP1,ENSG00000196365,"diverse","LON[1],Lon_C[1],AAA[1]"
DBR1,ENSG00000138231,"mRNA","Metallophos[1],DBR1[1]"
RRP15,ENSG00000067533,"rRNA","Rrp15p[1]"
L1TD1,ENSG00000240563,"mRNA","Transposase_22[2]"
NMD3,ENSG00000169251,"mRNA","NMD3[1]"
SRSF10,ENSG00000215699,"mRNA","RRM_1[1]"
SRSF12,ENSG00000154548,"mRNA","RRM_1[1]"
SRSF2,ENSG00000161547,"mRNA","RRM_1[1]"
SRSF8,ENSG00000180771,"mRNA","RRM_1[1]"
RSL1D1,ENSG00000171490,"unknown","Ribosomal_L1[1]"
DAP3,ENSG00000132676,"ribosome","DAP3[1]"
NARS2,ENSG00000137513,"tRNA","tRNA-synt_2[1],tRNA_anti-codon[1]"
RBM25,ENSG00000119707,"mRNA","RRM_1[1],PWI[1]"
POLR2E,ENSG00000099817,"mRNA","RNA_pol_Rpb5_N[1],RNA_pol_Rpb5_C[1]"
TOE1,ENSG00000132773,"unknown","CAF1[1]"
TSFM,ENSG00000123297,"mRNA","EF_TS[1],UBA[1]"
TPR,ENSG00000047410,"mRNA","TPR_MLP1_2[2]"
STAU1,ENSG00000124214,"mRNA","dsrm[3]"
STAU2,ENSG00000040341,"mRNA","dsrm[4]"
TRMT1L,ENSG00000121486,"tRNA","TRM[2]"
METTL3,ENSG00000165819,"mRNA","MT-A70[1]"
REXO2,ENSG00000076043,"rRNA","RNase_T[1]"
MRPL52,ENSG00000172590,"ribosome","."
WDR3,ENSG00000065183,"snoRNA","Utp12[1],WD40[10]"
CNOT11,ENSG00000158435,"mRNA","DUF2363[1]"
YTHDC1,ENSG00000257413,"mRNA","YTH[1]"
METTL2A,ENSG00000087995,"tRNA","Methyltransf_23[1]"
METTL2B,ENSG00000165055,"tRNA","Methyltransf_23[1]"
ZNF326,ENSG00000162664,"mRNA","AKAP95[1]"
AKAP8,ENSG00000105127,"mRNA","AKAP95[1]"
AKAP8L,ENSG00000011243,"mRNA","AKAP95[1]"
RPS14,ENSG00000164587,"ribosome","Ribosomal_S11[1]"
ELAVL1,ENSG00000066044,"mRNA","RRM_1[3]"
ELAVL2,ENSG00000107105,"mRNA","RRM_1[3]"
ELAVL3,ENSG00000196361,"mRNA","RRM_1[3]"
ELAVL4,ENSG00000162374,"mRNA","RRM_1[3]"
PNN,ENSG00000100941,"mRNA","Pinin_SDK_N[1],Pinin_SDK_memA[1]"
DDX41,ENSG00000183258,"mRNA","Helicase_C[1],DEAD[1]"
TNPO2,ENSG00000105576,"mRNA","IBN_N[1],HEAT_2[1],Arm[1],HEAT_EZ[1],HEAT[1]"
TNPO1,ENSG00000083312,"mRNA","IBN_N[1],HEAT_2[1],HEAT_EZ[1],HEAT[1]"
PUSL1,ENSG00000169972,"tRNA","PseudoU_synth_1[2]"
RBM43,ENSG00000184898,"mRNA","RRM_6[1]"
ZGPAT,ENSG00000197114,"unknown","G-patch[1],Laminin_I[1],zf-CCCH[1]"
SCAF11,ENSG00000139218,"mRNA","zf-RING_2[1]"
USP39,ENSG00000168883,"snRNA","UCH[1],zf-UBP[1]"
RPL38,ENSG00000172809,"ribosome","Ribosomal_L38e[1]"
NARS,ENSG00000134440,"tRNA","tRNA-synt_2[1],tRNA_anti-codon[1]"
RPS16,ENSG00000105193,"ribosome","Ribosomal_S9[1]"
CLASRP,ENSG00000104859,"mRNA","DRY_EERY[1]"
RPS9,ENSG00000170889,"ribosome","Ribosomal_S4[1],S4[1]"
TOP3B,ENSG00000100038,"mRNA","Topoisom_bac[1],Toprim[1]"
NCBP2L,ENSG00000170935,"mRNA","RRM_1[1]"
NCBP2,ENSG00000114503,"mRNA","RRM_5[1]"
SMG9,ENSG00000105771,"mRNA","DUF2146[1]"
FTSJ2,ENSG00000122687,"rRNA","FtsJ[1]"
DDX56,ENSG00000136271,"rRNA","Helicase_C[2],DEAD[1]"
RBM28,ENSG00000106344,"snRNA","RRM_1[3],RRM_6[1]"
UTP11L,ENSG00000183520,"snoRNA","Utp11[1]"
MRPS18B,ENSG00000223775,"ribosome","Ribosomal_S18[1]"
RPL14,ENSG00000188846,"ribosome","KOW[1],Ribosomal_L14e[1]"
RPL37,ENSG00000145592,"ribosome","Ribosomal_L37e[1]"
GEMIN5,ENSG00000082516,"snRNA","WD40[4]"
MKRN1,ENSG00000133606,"mRNA","zf-C3HC4[1],zf-CCCH[3]"
MKRN2,ENSG00000075975,"mRNA","zf-RING_2[1],zf-CCCH[4]"
MKRN3,ENSG00000179455,"mRNA","zf-C3HC4[1],zf-CCCH[1]"
NOA1,ENSG00000084092,"rRNA","MMR_HSR1[1]"
PINX1,ENSG00000254093,"ncRNA","G-patch[1]"
HRSP12,ENSG00000132541,"unknown","Ribonuc_L-PSP[1]"
TDRD9,ENSG00000156414,"ncRNA","TUDOR[1],HA2[1],Helicase_C[1],DEAD[1]"
DHX30,ENSG00000132153,"mRNA","OB_NTP_bind[1],HA2[1],Helicase_C[1],dsrm[1],DEAD[1]"
DHX29,ENSG00000067248,"mRNA","OB_NTP_bind[1],HA2[1],Helicase_C[1],DEAD[1]"
DHX57,ENSG00000163214,"mRNA","OB_NTP_bind[1],HA2[1],Helicase_C[1],DEAD[1],RWD[1]"
YTHDC2,ENSG00000047188,"mRNA","OB_NTP_bind[1],Ank_2[1],HA2[1],Helicase_C[1],YTH[1],R3H[1],DEAD[1]"
DHX36,ENSG00000174953,"mRNA","OB_NTP_bind[1],HA2[1],Helicase_C[1],DEAD[1]"
DHX9,ENSG00000135829,"ncRNA","OB_NTP_bind[1],HA2[1],Helicase_C[1],dsrm[2],DEAD[1]"
EIF3G,ENSG00000130811,"mRNA","RRM_1[1],eIF3g[1]"
NOL10,ENSG00000115761,"rRNA","NUC153[1]"
UTP15,ENSG00000164338,"snoRNA","UTP15_C[1],WD40[3]"
GATC,ENSG00000257218,"tRNA","Glu-tRNAGln[1]"
TCOF1,ENSG00000070814,"rRNA","Treacle[3]"
NONO,ENSG00000147140,"ncRNA","RRM_1[2],NOPS[1]"
PSPC1,ENSG00000121390,"ncRNA","RRM_1[2],NOPS[1]"
SFPQ,ENSG00000116560,"mRNA","RRM_1[2],NOPS[1]"
NUDT21,ENSG00000167005,"mRNA","NUDIX_2[1]"
MRPL19,ENSG00000115364,"ribosome","Ribosomal_L19[1]"
URM1,ENSG00000167118,"tRNA","Urm1[1]"
MRPL53,ENSG00000204822,"ribosome","MRP_L53[1]"
RBM48,ENSG00000127993,"mRNA","RRM_5[1]"
REPIN1,ENSG00000214022,"unknown","zf-C2H2_4[1],zf-Di19[1],zf-H2C2_2[7],zf-C2H2[1]"
ZC3H12B,ENSG00000102053,"unknown","RNase_Zc3h12a[1]"
ZC3H12C,ENSG00000149289,"unknown","RNase_Zc3h12a[1]"
ZC3H12D,ENSG00000178199,"unknown","RNase_Zc3h12a[1]"
ZC3H12A,ENSG00000163874,"ncRNA","RNase_Zc3h12a[1]"
TRMT5,ENSG00000126814,"tRNA","Met_10[1]"
TRMT61A,ENSG00000166166,"tRNA","GCD14[1]"
PABPN1L,ENSG00000205022,"mRNA","RRM_1[1]"
PABPN1,ENSG00000100836,"mRNA","RRM_1[1]"
LSG1,ENSG00000041802,"rRNA","MMR_HSR1[1]"
GNL1,ENSG00000206412,"rRNA","MMR_HSR1[1]"
EEF1G,ENSG00000254772,"tRNA","EF1G[1],GST_C[1],GST_N[1]"
RBM33,ENSG00000184863,"mRNA","RRM_6[1]"
RPP25,ENSG00000178718,"ncRNA","Alba[1]"
RPP25L,ENSG00000164967,"ncRNA","Alba[1]"
RPP38,ENSG00000152464,"ncRNA","Ribosomal_L7Ae[1]"
GARS,ENSG00000106105,"tRNA","tRNA-synt_2b[1],HGTP_anticodon[1],WHEP-TRS[1]"
DRG2,ENSG00000108591,"mRNA","MMR_HSR1[1],TGS[1]"
TRMU,ENSG00000100416,"tRNA","tRNA_Me_trans[1]"
GNL2,ENSG00000134697,"rRNA","MMR_HSR1[1],NGP1NT[1]"
CPSF2,ENSG00000165934,"mRNA","RMMBL[1],Beta-Casp[1],Lactamase_B[1],CPSF100_C[1]"
CD3EAP,ENSG00000117877,"rRNA","RNA_polI_A34[1]"
HDLBP,ENSG00000115677,"mRNA","KH_1[14]"
RDM1,ENSG00000187456,"unknown","RRM_1[1]"
BYSL,ENSG00000112578,"rRNA","Bystin[1]"
GEMIN8,ENSG00000046647,"snRNA","GEMIN8[1]"
XPO5,ENSG00000124571,"ncRNA","Xpo1[1]"
ZNF622,ENSG00000173545,"unknown","zf-C2H2_jaz[1],zf-C2H2_2[1]"
DZIP1,ENSG00000134874,"mRNA","Dzip-like_N[1],zf-C2H2[1]"
DZIP1L,ENSG00000158163,"mRNA","Dzip-like_N[1]"
GSPT1,ENSG00000103342,"mRNA","PAM2[1],GTP_EFTU_D3[1],GTP_EFTU[1]"
HBS1L,ENSG00000112339,"mRNA","HBS1_N[1],GTP_EFTU_D2[1],GTP_EFTU_D3[1],GTP_EFTU[1]"
GSPT2,ENSG00000268273,"mRNA","PAM2[1],GTP_EFTU_D3[1],GTP_EFTU[1]"
EIF2D,ENSG00000143486,"tRNA","PUA[1],SUI1[1]"
METTL1,ENSG00000037897,"tRNA","Methyltransf_4[1]"
RNASEH1,ENSG00000171865,"diverse","RNase_H[1],Cauli_VI[1]"
ZNHIT6,ENSG00000117174,"snoRNA","zf-HIT[1]"
DARS2,ENSG00000117593,"tRNA","tRNA-synt_2[1],tRNA_anti-codon[1]"
SNRPD2,ENSG00000125743,"snRNA","LSM[1]"
DICER1,ENSG00000100697,"ncRNA","Helicase_C[1],Dicer_dimer[1],dsrm[1],PAZ[1],DEAD[1],Ribonuclease_3[2]"
DYNLL1,ENSG00000088986,"mRNA","Dynein_light[1]"
ZNF638,ENSG00000075292,"mRNA","RRM_5[2],zf-C2H2_jaz[1],RRM_6[1]"
SAMD4B,ENSG00000179134,"mRNA","PHAT[1],SAM_1[1]"
SAMD4A,ENSG00000020577,"mRNA","SAM_1[1]"
RTF1,ENSG00000137815,"mRNA","Plus-3[1],SYF2[1]"
CNOT4,ENSG00000080802,"mRNA","RRM_5[1],zf-RING_4[1]"
TARBP2,ENSG00000139546,"mRNA","dsrm[2]"
PRKRA,ENSG00000180228,"ncRNA","dsrm[2]"
GLE1,ENSG00000119392,"mRNA","GLE1[1]"
EXOSC2,ENSG00000130713,"diverse","ECR1_N[1]"
SSU72,ENSG00000160075,"mRNA","Ssu72[1]"
GTPBP10,ENSG00000105793,"unknown","MMR_HSR1[1],GTP1_OBG[1]"
RPL10A,ENSG00000198755,"ribosome","Ribosomal_L1[1]"
HENMT1,ENSG00000162639,"ncRNA","Methyltransf_23[1]"
THOC2,ENSG00000125676,"mRNA","Tho2[1],Thoc2[1]"
ENDOG,ENSG00000167136,"diverse","Endonuclease_NS[1]"
EXOG,ENSG00000157036,"diverse","Endonuclease_NS[1]"
ASH1L,ENSG00000116539,"ncRNA","BAH[1],SET[1],PHD[1],Bromodomain[1]"
TRMT10C,ENSG00000174173,"ncRNA","tRNA_m1G_MT[1]"
TRMT10A,ENSG00000145331,"tRNA","tRNA_m1G_MT[1]"
TRMT10B,ENSG00000165275,"tRNA","tRNA_m1G_MT[1]"
MRPL33,ENSG00000243147,"ribosome","Ribosomal_L33[1]"
SSB,ENSG00000138385,"tRNA","La[1],RRM_1[1],RRM_3[1]"
LARP7,ENSG00000174720,"ncRNA","La[1],RRM_1[1],RRM_3[1]"
MRPL24,ENSG00000143314,"ribosome","KOW[1]"
RNASEK,ENSG00000219200,"diverse","DUF2650[1]"
PELO,ENSG00000152684,"mRNA","eRF1_1[1],eRF1_2[1],eRF1_3[1]"
QARS,ENSG00000172053,"tRNA","tRNA-synt_1c[1],tRNA_synt_1c_R1[1],tRNA-synt_1c_C[1],tRNA_synt_1c_R2[1]"
IPO4,ENSG00000196497,"mRNA","IBN_N[1],HEAT_2[1],HEAT_EZ[1]"
CAPRIN1,ENSG00000135387,"mRNA","Caprin-1_C[1]"
CAPRIN2,ENSG00000110888,"mRNA","C1q[1],Caprin-1_C[1]"
PNLDC1,ENSG00000146453,"mRNA","."
PARN,ENSG00000140694,"mRNA","CAF1[2],RNA_bind[1]"
TIAL1,ENSG00000151923,"mRNA","RRM_1[3]"
TIA1,ENSG00000116001,"mRNA","RRM_1[3]"
CDC40,ENSG00000168438,"mRNA","WD40[5]"
ZNF598,ENSG00000167962,"mRNA","."
RCL1,ENSG00000120158,"rRNA","RTC_insert[1]"
RTCA,ENSG00000137996,"tRNA","RTC[1]"
MRPL38,ENSG00000204316,"ribosome","PBP[1]"
ADAT2,ENSG00000189007,"tRNA","dCMP_cyt_deam_1[1]"
BOP1,ENSG00000261236,"rRNA","BOP1NT[1],WD40[3]"
U2SURP,ENSG00000163714,"snRNA","cwf21[1],RRM_1[1],Surp[1],CTK3[1]"
DUS3L,ENSG00000141994,"tRNA","Dus[1],zf-CCCH[1]"
CSTF3,ENSG00000176102,"mRNA","Suf[1],TPR_16[1]"
SRSF11,ENSG00000116754,"mRNA","RRM_1[1]"
SREK1,ENSG00000153914,"mRNA","RRM_1[1],RRM_6[1]"
POLR1E,ENSG00000137054,"rRNA","RNA_pol_I_A49[1]"
EXOSC7,ENSG00000075914,"diverse","RNase_PH[1],RNase_PH_C[1]"
EXOSC8,ENSG00000120699,"diverse","RNase_PH[1],RNase_PH_C[1]"
EXOSC9,ENSG00000123737,"diverse","RNase_PH[1],RNase_PH_C[1]"
MRPL12,ENSG00000262814,"ribosome","Ribosomal_L12[1]"
RPS28,ENSG00000233927,"ribosome","Ribosomal_S28e[1]"
TEFM,ENSG00000172171,"mRNA","HHH_3[1]"
RPL12,ENSG00000197958,"ribosome","Ribosomal_L11[1],Ribosomal_L11_N[1]"
ZC3H3,ENSG00000014164,"mRNA","zf-CCCH[3]"
EIF6,ENSG00000242372,"mRNA","eIF-6[1]"
NELFE,ENSG00000206268,"mRNA","RRM_1[1]"
EIF2B3,ENSG00000070785,"mRNA","NTP_transferase[1]"
APOBEC2,ENSG00000124701,"mRNA","APOBEC_N[1]"
APOBEC3H,ENSG00000100298,"ncRNA","APOBEC_N[1]"
APOBEC3F,ENSG00000128394,"mRNA","APOBEC_N[2]"
APOBEC3G,ENSG00000239713,"mRNA","APOBEC_N[2]"
APOBEC1,ENSG00000111701,"mRNA","APOBEC_N[1]"
ZC3H7A,ENSG00000122299,"unknown","TPR_11[1],zf-C2H2_jaz[1],zf-CCCH[1]"
ZC3H7B,ENSG00000100403,"unknown","TPR_11[1],zf-C2H2_jaz[1],zf-CCCH[2]"
NOP9,ENSG00000196943,"rRNA","."
PQBP1,ENSG00000102103,"mRNA","WW[1]"
PATL2,ENSG00000229474,"mRNA","PAT1[1]"
PATL1,ENSG00000166889,"mRNA","PAT1[1]"
EDC3,ENSG00000179151,"mRNA","LSM14[1],YjeF_N[1]"
WBP4,ENSG00000120688,"mRNA","WW[2],zf-U1[1]"
GLTSCR2,ENSG00000105373,"rRNA","Nop53[1],DUF4081[1]"
RPS18,ENSG00000226225,"ribosome","Ribosomal_S13[1]"
ASCC1,ENSG00000138303,"unknown","AKAP7_NLS[1],KH_1[1]"
EIF5A,ENSG00000132507,"mRNA","KOW[1],eIF-5a[1]"
EIF5A2,ENSG00000163577,"mRNA","KOW[1],eIF-5a[1]"
EIF5AL1,ENSG00000253626,"mRNA","eIF-5a[1]"
MRPL47,ENSG00000136522,"ribosome","MRP-L47[1]"
BOLL,ENSG00000152430,"mRNA","RRM_1[1]"
DAZL,ENSG00000092345,"mRNA","RRM_1[1]"
DAZ1,ENSG00000188120,"mRNA","RRM_1[3]"
DAZ2,ENSG00000205944,"mRNA","RRM_1[1]"
DAZ3,ENSG00000187191,"mRNA","RRM_1[1]"
DAZ4,ENSG00000205916,"mRNA","RRM_1[2]"
INTS1,ENSG00000164880,"snRNA","DUF3677[1]"
RPLP1,ENSG00000137818,"ribosome","Ribosomal_60s[1]"
MRPS11,ENSG00000181991,"ribosome","Ribosomal_S11[1]"
WDR43,ENSG00000163811,"rRNA","Utp12[1],WD40[2]"
TRMT112,ENSG00000173113,"tRNA","Trm112p[1]"
PPP1R8,ENSG00000117751,"diverse","FHA[1]"
FBXO17,ENSG00000104835,"unknown","F-box-like[1],FBA[1]"
MTHFSD,ENSG00000103248,"mRNA","RRM_1[1],5-FTHF_cyc-lig[1]"
SON,ENSG00000159140,"mRNA","G-patch[1],DND1_DSRM[1]"
SPATS2L,ENSG00000196141,"mRNA","GVQW[1],DUF1387[1]"
SPATS2,ENSG00000123352,"mRNA","DUF1387[1]"
MAEL,ENSG00000143194,"ncRNA","Maelstrom[1],HMG_box_2[1]"
RRP1B,ENSG00000160208,"rRNA","Nop52[1]"
RRP1,ENSG00000160214,"rRNA","Nop52[1]"
ZC3HAV1,ENSG00000105939,"ncRNA","PARP[1]"
PARP12,ENSG00000059378,"unknown","PARP[1],zf-CCCH[1]"
TIPARP,ENSG00000163659,"unknown","PARP[1],WWE[1]"
MRPS17,ENSG00000239789,"ribosome","Ribosomal_S17[1]"
U2AF2,ENSG00000063244,"mRNA","RRM_1[2],Transformer[1],RRM_6[1]"
UHMK1,ENSG00000152332,"mRNA","RRM_5[1],Pkinase[1]"
NUP153,ENSG00000124789,"diverse","Nup153[1],zf-RanBP[4],Nup_retrotrp_bd[1]"
CSDE1,ENSG00000009307,"mRNA","SUZ-C[1],CSD[5]"
POLR2L,ENSG00000177700,"mRNA","RNA_pol_N[1]"
NKRF,ENSG00000186416,"unknown","DUF3469[1],dsrm[1],R3H[1]"
MRPL48,ENSG00000175581,"ribosome","Ribosomal_S10[1]"
XRCC6,ENSG00000196419,"mRNA","SAP[1],Ku[1],Ku_C[1],Ku_N[1]"
SUPT5H,ENSG00000196235,"mRNA","KOW[3],CTD[1],Spt5-NGN[1],Spt5_N[1]"
TSR3,ENSG00000007520,"rRNA","DUF367[1],RLI[1]"
XRN2,ENSG00000088930,"diverse","XRN_N[1]"
RSRC1,ENSG00000174891,"mRNA","THRAP3_BCLAF1[1]"
TDRD5,ENSG00000162782,"ncRNA","TUDOR[1],OST-HTH[3]"
POLR2J,ENSG00000005075,"mRNA","RNA_pol_L_2[1]"
POLR2J2,ENSG00000228049,"mRNA","RNA_pol_L_2[1]"
POLR2J3,ENSG00000168255,"mRNA","."
SAFB2,ENSG00000130254,"mRNA","SAP[1],RRM_1[1]"
SAFB,ENSG00000160633,"mRNA","SAP[1],RRM_6[1]"
SLTM,ENSG00000137776,"mRNA","SAP[1],RRM_1[1]"
BRIX1,ENSG00000113460,"rRNA","Brix[1]"
POLR2I,ENSG00000105258,"mRNA","RNA_POL_M_15KD[1],TFIIS_C[1]"
PWP2,ENSG00000241945,"snoRNA","Utp12[1],WD40[3]"
ELAC2,ENSG00000006744,"tRNA","Lactamase_B_2[1],Lactamase_B_4[1]"
ZCCHC14,ENSG00000140948,"unknown","zf-CCHC[1],SAM_1[1]"
ZCCHC2,ENSG00000141664,"unknown","zf-CCHC[1]"
LARS,ENSG00000133706,"tRNA","Anticodon_1[1],tRNA-synt_1[2]"
MRPL28,ENSG00000086504,"ribosome","Ribosomal_L28[1]"
CNOT1,ENSG00000125107,"mRNA","DUF3819[1],Not1[1]"
DDX18,ENSG00000088205,"rRNA","DUF4217[1],Helicase_C[1],DEAD[1]"
TSEN15,ENSG00000198860,"tRNA","Sen15[1]"
USP10,ENSG00000103194,"mRNA","PAM2[1],UCH[1]"
SMNDC1,ENSG00000119953,"mRNA","SMN[1]"
THUMPD2,ENSG00000138050,"tRNA","THUMP[1],UPF0020[1]"
THUMPD3,ENSG00000134077,"tRNA","THUMP[1],UPF0020[1]"
SND1,ENSG00000197157,"mRNA","SNase[5],TUDOR[1]"
LSM4,ENSG00000130520,"snRNA","LSM[1]"
EIF3M,ENSG00000149100,"mRNA","PCI[1]"
MRPL34,ENSG00000130312,"ribosome","Ribosomal_L34[1]"
SRP72,ENSG00000174780,"ncRNA","SRP72[1],TPR_12[2],Apc3[1]"
SUGP1,ENSG00000105705,"mRNA","G-patch[1],Surp[2]"
SUGP2,ENSG00000064607,"mRNA","G-patch[1],Surp[2]"
RPS3,ENSG00000149273,"ribosome","KH_2[1],Ribosomal_S3_C[1]"
RPS27A,ENSG00000143947,"ribosome","Ribosomal_S27[1],ubiquitin[1]"
CCAR2,ENSG00000158941,"mRNA","DBC1[1],S1-like[1]"
CCAR1,ENSG00000060339,"mRNA","SAP[1],DBC1[1],MIP-T3[1],S1-like[1]"
DDX49,ENSG00000105671,"rRNA","Helicase_C[1],DEAD[1]"
MRPL4,ENSG00000105364,"ribosome","Ribosomal_L4[1]"
SFSWAP,ENSG00000061936,"mRNA","Surp[2],DRY_EERY[1]"
MRPS12,ENSG00000128626,"ribosome","Ribosom_S12_S23[1]"
EIF1,ENSG00000173812,"mRNA","SUI1[1]"
EIF1B,ENSG00000114784,"mRNA","SUI1[1]"
CLP1,ENSG00000172409,"mRNA","MobB[1],Clp1[1]"
ZMAT5,ENSG00000100319,"snRNA","zf-CCCH[1],zf-U1[1]"
SF3B3,ENSG00000189091,"mRNA","MMS1_N[1],CPSF_A[1]"
PLD6,ENSG00000179598,"ncRNA","PLDc_2[1]"
QTRTD1,ENSG00000151576,"tRNA","TGT[1]"
QTRT1,ENSG00000213339,"tRNA","TGT[1]"
PIH1D1,ENSG00000104872,"snoRNA","PIH1[2]"
SWT1,ENSG00000116668,"mRNA","PIN_4[1]"
EXOSC4,ENSG00000178896,"diverse","RNase_PH[1],RNase_PH_C[1]"
EXOSC6,ENSG00000223496,"diverse","RNase_PH[1]"
PTRH1,ENSG00000187024,"tRNA","Pept_tRNA_hydro[1]"
INTS8,ENSG00000164941,"snRNA","."
EXOSC10,ENSG00000171824,"diverse","DNA_pol_A_exo1[1],HRDC[1],PMC2NT[1]"
CASC3,ENSG00000108349,"mRNA","Btz[1]"
GTF3A,ENSG00000122034,"rRNA","zf-H2C2_2[2],zf-C2H2[4]"
MRPL54,ENSG00000183617,"ribosome","Ribosomal_L37[1]"
GTPBP3,ENSG00000130299,"tRNA","MMR_HSR1[1],GTPase_Cys_C[1],TrmE_N[1]"
UBA1,ENSG00000130985,"mRNA","UBACT[2],UBA_e1_C[1],UBA_e1_thiolCys[1],ThiF[2]"
LSM12,ENSG00000161654,"mRNA","AD[1]"
HINT3,ENSG00000111911,"tRNA","DcpS_C[1]"
CCDC59,ENSG00000133773,"unknown","rRNA_processing[1]"
POLDIP3,ENSG00000100227,"mRNA","RRM_1[1]"
RPL32,ENSG00000144713,"ribosome","Ribosomal_L32e[1]"
AZGP1,ENSG00000160862,"unknown","C1-set[1],MHC_I[1]"
EMG1,ENSG00000268439,"rRNA","EMG1[1]"
C17orf85,ENSG00000074356,"unknown","DUF2414[1]"
N4BP1,ENSG00000102921,"unknown","RNase_Zc3h12a[1]"
NYNRIN,ENSG00000205978,"unknown","rve[1],RNase_Zc3h12a[1]"
KHNYN,ENSG00000100441,"mRNA","RNase_Zc3h12a[1]"
NOP2,ENSG00000111641,"rRNA","P120R[3],GVQW[1],Nol1_Nop2_Fmu[1]"
NSUN4,ENSG00000117481,"rRNA","Nol1_Nop2_Fmu[1]"
NSUN3,ENSG00000178694,"unknown","Nol1_Nop2_Fmu[1]"
NSUN6,ENSG00000241058,"unknown","PUA[1],Nol1_Nop2_Fmu[1]"
PAN2,ENSG00000135473,"mRNA","RNase_T[1],UCH_1[1]"
ZCCHC9,ENSG00000131732,"unknown","zf-CCHC[3]"
RRP9,ENSG00000114767,"snoRNA","WD40[5]"
TNRC6A,ENSG00000090905,"mRNA","RRM_5[1],Ago_hook[1]"
TNRC6B,ENSG00000100354,"mRNA","RRM_5[1],Ago_hook[1]"
TNRC6C,ENSG00000078687,"mRNA","RRM_5[1],M_domain[1],Ago_hook[1]"
RP9,ENSG00000164610,"snRNA","Med19[1]"
MRPL15,ENSG00000137547,"ribosome","Ribosomal_L18e[1]"
NGDN,ENSG00000129460,"mRNA","Sas10_Utp3[1]"
LSM10,ENSG00000181817,"snRNA","LSM[1]"
PUS1,ENSG00000177192,"tRNA","PseudoU_synth_1[2]"
MAK16,ENSG00000198042,"rRNA","Mak16[1],Ribosomal_L28e[1]"
RPS13,ENSG00000110700,"ribosome","Ribosomal_S13_N[1],Ribosomal_S15[1]"
SNRNP200,ENSG00000144028,"snRNA","Helicase_C[2],Sec63[2],DEAD[2]"
PRDX1,ENSG00000117450,"mRNA","AhpC-TSA[1],1-cysPrx_C[1]"
TSN,ENSG00000211460,"tRNA","Translin[1]"
NUFIP2,ENSG00000108256,"mRNA","NUFIP2[1]"
RBM19,ENSG00000122965,"rRNA","RRM_1[4],RRM_6[2]"
TDRKH,ENSG00000182134,"ncRNA","TUDOR[1],KH_1[2]"
NOP58,ENSG00000055044,"snoRNA","NOP5NT[1],Nop[1],NOSIC[1]"
RBM6,ENSG00000004534,"mRNA","G-patch[1],RRM_6[2]"
RBM10,ENSG00000182872,"mRNA","G-patch[1],zf-RanBP[1],RRM_6[2]"
RBM5,ENSG00000003756,"mRNA","G-patch[1],zf-RanBP[1],RRM_6[2]"
RBM44,ENSG00000177483,"mRNA","RRM_1[1]"
OASL,ENSG00000135114,"ncRNA","OAS1_C[1],ubiquitin[1]"
OAS1,ENSG00000089127,"ncRNA","NTP_transf_2[1],OAS1_C[1]"
OAS2,ENSG00000111335,"ncRNA","OAS1_C[2],NTP_transf_2[1]"
OAS3,ENSG00000111331,"ncRNA","OAS1_C[3],NTP_transf_2[1]"
SF3A3,ENSG00000183431,"snRNA","Telomere_Sde2_2[1],SF3a60_bindingd[1],DUF3449[1]"
NOC3L,ENSG00000173145,"rRNA","CBF[1],NOC3p[1]"
MYEF2,ENSG00000104177,"mRNA","RRM_1[3]"
HNRNPM,ENSG00000099783,"mRNA","HnRNP_M[1],RRM_1[3]"
C11orf68,ENSG00000175573,"unknown","DUF1917[1]"
MRPL10,ENSG00000159111,"ribosome","Ribosomal_L10[1]"
RNASE10,ENSG00000182545,"unknown","RnaseA[1]"
CALR,ENSG00000179218,"mRNA","Calreticulin[1]"
CANX,ENSG00000127022,"unknown","DUF1510[1],Calreticulin[1]"
CALR3,ENSG00000269058,"unknown","Calreticulin[1]"
RPP14,ENSG00000163684,"ncRNA","RNase_P_Rpp14[1]"
RPS8,ENSG00000142937,"ribosome","Ribosomal_S8e[1]"
PDCD7,ENSG00000090470,"snRNA","."
RPS19BP1,ENSG00000187051,"unknown","."
TRMT6,ENSG00000089195,"tRNA","Gcd10p[1]"
RPL4,ENSG00000174444,"ribosome","Ribosomal_L4[1],Ribos_L4_asso_C[1]"
PRPF3,ENSG00000265228,"snRNA","DUF1115[1],PRP3[1],PWI[1]"
RARS,ENSG00000113643,"tRNA","tRNA-synt_1d[1],Arg_tRNA_synt_N[1],DALR_1[1]"
RARS2,ENSG00000146282,"tRNA","GVQW[1],tRNA-synt_1d[1]"
APOBEC4,ENSG00000173627,"mRNA","APOBEC_N[1]"
ZCCHC24,ENSG00000165424,"unknown","zf-3CxxC[1],zf-CCHC_2[1]"
RPS21,ENSG00000171858,"ribosome","Ribosomal_S21e[1]"
DDX24,ENSG00000089737,"rRNA","Helicase_C[1],DEAD[1]"
RTCB,ENSG00000100220,"tRNA","RtcB[1]"
MBNL2,ENSG00000139793,"mRNA","zf-CCCH[2]"
MBNL3,ENSG00000076770,"mRNA","zf-CCCH[2]"
MBNL1,ENSG00000152601,"mRNA","zf-CCCH[1]"
ALYREF,ENSG00000183684,"mRNA","FoP_duplication[1],RRM_1[1],FYTT[1]"
LSMD1,ENSG00000183011,"mRNA","LSM[1]"
PUS7,ENSG00000091127,"rRNA","TruD[1],R3H[1]"
PUS7L,ENSG00000129317,"rRNA","TruD[1]"
MRPS24,ENSG00000062582,"ribosome","MRP-S24[1]"
RBBP6,ENSG00000122257,"mRNA","DWNN[1],zf-CCHC[1],zf-C3HC4_2[1]"
RPL19,ENSG00000108298,"ribosome","Ribosomal_L19e[1]"
NOL3,ENSG00000140939,"mRNA","CARD[1]"
RPS27,ENSG00000177954,"ribosome","Ribosomal_S27e[1]"
RPS27L,ENSG00000185088,"ribosome","Ribosomal_S27e[1]"
PTRF,ENSG00000177469,"rRNA","PTRF_SDPR[1]"
MRPS18A,ENSG00000096080,"ribosome","Ribosomal_S18[1]"
SLBP,ENSG00000163950,"mRNA","SLBP_RNA_bind[1]"
EARS2,ENSG00000103356,"tRNA","tRNA-synt_1c[1]"
SMAD1,ENSG00000170365,"ncRNA","MH2[1],MH1[1]"
SMAD2,ENSG00000175387,"ncRNA","MH2[1],MH1[1]"
SMAD5,ENSG00000113658,"ncRNA","MH2[1],MH1[1]"
SMAD9,ENSG00000120693,"ncRNA","MH2[1],MH1[1]"
SMAD3,ENSG00000166949,"ncRNA","MH2[1],MH1[1]"
SMAD4,ENSG00000141646,"ncRNA","MH2[1],MH1[1]"
SMAD7,ENSG00000101665,"ncRNA","MH2[1],MH1[1]"
SMAD6,ENSG00000137834,"ncRNA","MH2[1],MH1[1]"
PRPF39,ENSG00000185246,"snRNA","Suf[1],TPR_16[1]"
SRP68,ENSG00000167881,"ncRNA","."
ADARB2,ENSG00000185736,"mRNA","A_deamin[1],dsrm[2]"
ADAD1,ENSG00000164113,"mRNA","A_deamin[1],dsrm[1]"
ADAD2,ENSG00000140955,"mRNA","A_deamin[1],dsrm[1]"
ADAT1,ENSG00000065457,"tRNA","A_deamin[1]"
ADARB1,ENSG00000197381,"mRNA","A_deamin[1],dsrm[2]"
ADAR,ENSG00000160710,"mRNA","A_deamin[1],z-alpha[2],dsrm[3]"
CLK3,ENSG00000179335,"mRNA","Pkinase[1]"
CLK4,ENSG00000113240,"mRNA","Pkinase[1]"
PRPF4B,ENSG00000112739,"snRNA","Pkinase[1]"
CLK1,ENSG00000013441,"mRNA","Pkinase[1]"
CLK2,ENSG00000176444,"mRNA","Pkinase[1]"
LSM3,ENSG00000170860,"snRNA","LSM[1]"
FAM46A,ENSG00000112773,"unknown","DUF1693[1]"
CRYZ,ENSG00000116791,"mRNA","ADH_N[1],ADH_zinc_N[1]"
KIN,ENSG00000151657,"snRNA","Kin17_mid[1]"
RPS2,ENSG00000140988,"ribosome","Ribosomal_S5[1],Ribosomal_S5_C[1]"
DUS4L,ENSG00000105865,"tRNA","Dus[1]"
EIF4A1,ENSG00000161960,"mRNA","Helicase_C[1],DEAD[1]"
EIF4A2,ENSG00000156976,"mRNA","Helicase_C[1],DEAD[1]"
EIF4A3,ENSG00000141543,"mRNA","Helicase_C[1],DEAD[1]"
IGF2BP1,ENSG00000159217,"mRNA","RRM_1[1],KH_1[4],RRM_6[1]"
IGF2BP2,ENSG00000073792,"mRNA","RRM_1[2],KH_1[4]"
IGF2BP3,ENSG00000136231,"mRNA","RRM_1[1],KH_1[4],RRM_6[1]"
UBAP2,ENSG00000137073,"mRNA","DUF3697[1],UBA[1]"
UBAP2L,ENSG00000143569,"mRNA","DUF3697[1],UBA[1]"
SNRPE,ENSG00000182004,"snRNA","LSM[1]"
EIF2B5,ENSG00000145191,"mRNA","Hexapep[1],NTP_transferase[1],W2[1]"
CRNKL1,ENSG00000101343,"mRNA","HAT[4]"
POLRMT,ENSG00000099821,"mRNA","RPOL_N[1],RNA_pol[1]"
METTL10,ENSG00000203791,"tRNA","Methyltransf_31[1]"
MRPL41,ENSG00000182154,"ribosome","MRP-L27[1]"
MRPS7,ENSG00000125445,"ribosome","Ribosomal_S7[1]"
NSUN5,ENSG00000130305,"rRNA","Nol1_Nop2_Fmu[1]"
NSUN7,ENSG00000179299,"rRNA","Nol1_Nop2_Fmu[1]"
MTG1,ENSG00000254536,"rRNA","MMR_HSR1[1]"
MRPS28,ENSG00000147586,"ribosome","MRP-S35[1]"
TDRD10,ENSG00000163239,"unknown","TUDOR[1],RRM_6[1]"
RPUSD1,ENSG00000007376,"tRNA","PseudoU_synth_2[1]"
NHP2,ENSG00000145912,"snoRNA","Ribosomal_L7Ae[1]"
XAB2,ENSG00000076924,"mRNA","TPR_2[1],TPR_12[1]"
FAU,ENSG00000149806,"ribosome","ubiquitin[1],Ribosomal_S30[1]"
RRP36,ENSG00000124541,"rRNA","DUF947[1]"
GRWD1,ENSG00000105447,"rRNA","CAF1C_H4-bd[1],WD40[3]"
ENDOV,ENSG00000173818,"tRNA","Endonuclease_5[1]"
VARSL,ENSG00000206476,"tRNA","Anticodon_1[1],tRNA-synt_1[1]"
MRRF,ENSG00000148187,"ribosome","RRF[1]"
MTFMT,ENSG00000103707,"tRNA","Formyl_trans_N[1],Formyl_trans_C[1]"
C12orf65,ENSG00000130921,"mRNA","RF-1[1]"
MRTO4,ENSG00000053372,"mRNA","Ribosomal_L10[1]"
RBM26,ENSG00000139746,"mRNA","RRM_5[1],PWI[1],zf-CCCH[1],RRM_6[1]"
RBM27,ENSG00000091009,"mRNA","RRM_5[1],PWI[1],zf-CCCH[1]"
DIS3,ENSG00000083520,"diverse","PIN_4[1],RNB[1]"
DIS3L,ENSG00000166938,"diverse","RNB[1]"
DIS3L2,ENSG00000144535,"diverse","OB_RNB[1]"
C1QBP,ENSG00000108561,"mRNA","MAM33[1]"
SUB1,ENSG00000113387,"mRNA","PC4[1]"
MRPS33,ENSG00000090263,"ribosome","MRP-S33[1]"
PRPF6,ENSG00000101161,"snRNA","TPR_19[2],TPR_14[1],PRP1_N[1]"
SMG8,ENSG00000167447,"mRNA","DUF2146[2]"
PSTK,ENSG00000179988,"tRNA","KTI12[2]"
GAPDH,ENSG00000111640,"mRNA","Gp_dh_C[1],Gp_dh_N[1]"
TNPO3,ENSG00000064419,"mRNA","Xpo1[1]"
IPO13,ENSG00000117408,"mRNA","IBN_N[1],Xpo1[1]"
MOV10,ENSG00000155363,"mRNA","AAA_19[1],AAA_11[1],AAA_12[1]"
MOV10L1,ENSG00000073146,"mRNA","AAA_11[2],AAA_12[1],S1-like[1]"
PARP1,ENSG00000143799,"mRNA","BRCT[1],WGR[1],PARP_reg[1],zf-PARP[2],PARP[1],PADR1[1]"
MRPS35,ENSG00000061794,"ribosome","MRP-S28[1]"
GPKOW,ENSG00000268675,"unknown","KOW[2],G-patch_2[1]"
SETD1A,ENSG00000099381,"ncRNA","SET[1],RRM_1[1],N-SET[1]"
SETD1B,ENSG00000139718,"ncRNA","SET[1],RRM_1[1],N-SET[1]"
SF3A2,ENSG00000104897,"snRNA","CactinC_cactus[1],zf-met[1]"
AFF1,ENSG00000172493,"mRNA","AF-4[1]"
AFF3,ENSG00000144218,"mRNA","AF-4[1]"
AFF4,ENSG00000072364,"mRNA","AF-4[1]"
AFF2,ENSG00000269754,"mRNA","AF-4[1]"
PARK7,ENSG00000116288,"mRNA","DJ-1_PfpI[1]"
TRNAU1AP,ENSG00000180098,"tRNA","RRM_1[2]"
SRBD1,ENSG00000068784,"unknown","S1[1],YqgF[1],HHH_3[1],Tex_N[1]"
EIF3D,ENSG00000100353,"mRNA","eIF-3_zeta[1]"
NOP10,ENSG00000182117,"snoRNA","Nop10p[1]"
WARS,ENSG00000140105,"tRNA","tRNA-synt_1b[1],WHEP-TRS[1]"
MATR3,ENSG00000015479,"mRNA","RRM_5[2]"
SNRPD1,ENSG00000167088,"snRNA","LSM[1]"
SNRPC,ENSG00000124562,"snRNA","zf-U1[1]"
FXR1,ENSG00000114416,"mRNA","Agenet[1],FXR1P_C[1],KH_1[2]"
FXR2,ENSG00000129245,"mRNA","Agenet[1],FXR1P_C[1],KH_1[2]"
FMR1,ENSG00000102081,"mRNA","Agenet[1],FXR1P_C[1],KH_1[2]"
MEPCE,ENSG00000146834,"ncRNA","Methyltransf_31[1],Bin3[1]"
KAT8,ENSG00000103510,"ncRNA","Tudor-knot[1],MOZ_SAS[1]"
CIRBP,ENSG00000099622,"mRNA","RRM_1[1]"
RBM3,ENSG00000102317,"mRNA","RRM_1[1]"
CNOT7,ENSG00000198791,"mRNA","CAF1[1]"
CNOT8,ENSG00000155508,"mRNA","CAF1[1]"
A1CF,ENSG00000148584,"mRNA","RRM_1[2],DND1_DSRM[1],RRM_6[1]"
RBM46,ENSG00000151962,"mRNA","RRM_1[3],DND1_DSRM[1]"
RBM47,ENSG00000163694,"mRNA","RRM_1[3]"
DND1,ENSG00000256453,"mRNA","RRM_1[1],DND1_DSRM[1]"
HNRNPR,ENSG00000125944,"mRNA","RRM_1[3]"
SYNCRIP,ENSG00000135316,"mRNA","RRM_1[3]"
ABCE1,ENSG00000164163,"ncRNA","Fer4[1],RLI[1],ABC_tran[2]"
GPATCH4,ENSG00000160818,"unknown","G-patch[1]"
PAIP1,ENSG00000172239,"mRNA","PAM2[1],MIF4G[1]"
RBM20,ENSG00000203867,"mRNA","RRM_5[1]"
GNL3,ENSG00000163938,"rRNA","MMR_HSR1[1],GN3L_Grn1[1],GTP_EFTU[1]"
GNL3L,ENSG00000130119,"rRNA","MMR_HSR1[1],GTP_EFTU[1]"
FAM120A,ENSG00000048828,"mRNA","."
FAM120B,ENSG00000112584,"unknown","DUF4655[1],XPG_I_2[1]"
FAM120C,ENSG00000184083,"unknown","."
KHDC1,ENSG00000135314,"mRNA","."
KHDC1L,ENSG00000243501,"mRNA","."
RPL10L,ENSG00000165496,"ribosome","Ribosomal_L16[1]"
RPL10,ENSG00000147403,"ribosome","Ribosomal_L16[1]"
EIF2S1,ENSG00000134001,"tRNA","S1[1],EIF_2_alpha[1]"
MRPL20,ENSG00000242485,"ribosome","Ribosomal_L20[1]"
EPRS,ENSG00000136628,"tRNA","tRNA-synt_2b[1],GST_C_3[1],ProRS-C_1[1],tRNA-synt_1c[1],HGTP_anticodon[1],tRNA-synt_1c_C[1],WHEP-TRS[3]"
DHX58,ENSG00000260178,"ncRNA","Helicase_C[1],ResIII[1],RIG-I_C-RD[1]"
DDX58,ENSG00000107201,"ncRNA","Helicase_C[1],RIG-I_C-RD[1],DEAD[1]"
IFIH1,ENSG00000115267,"ncRNA","Helicase_C[1],ResIII[1],RIG-I_C-RD[1],CARD[1]"
CDK5RAP1,ENSG00000101391,"tRNA","Radical_SAM[1],UPF0004[1],TRAM[1]"
HABP4,ENSG00000130956,"mRNA","HABP4_PAI-RBP1[1]"
SERBP1,ENSG00000142864,"mRNA","HABP4_PAI-RBP1[1]"
METTL5,ENSG00000138382,"unknown","MTS[1]"
ZCCHC7,ENSG00000147905,"diverse","zf-CCHC[1]"
WDR36,ENSG00000134987,"rRNA","Utp21[1],WD40[1]"
CCDC86,ENSG00000110104,"unknown","Cgr1[1]"
C2orf15,ENSG00000241962,"rRNA","Ribosomal_L30[1]"
MRPL30,ENSG00000185414,"ribosome","Ribosomal_L30[1]"
RPS26,ENSG00000197728,"ribosome","Ribosomal_S26e[1]"
TEX13A,ENSG00000133149,"mRNA","zf-RanBP[1],TEX13[1]"
BARD1,ENSG00000138376,"ncRNA","BRCT[2],Ank_2[1],Ank[1],zf-RING_6[1]"
XPO4,ENSG00000132953,"mRNA","CRM1_C[1]"
RUVBL1,ENSG00000175792,"mRNA","TIP49[1]"
IMP4,ENSG00000136718,"snoRNA","Brix[1]"
DDX52,ENSG00000141141,"rRNA","Helicase_C[1],DEAD[1]"
THOC1,ENSG00000079134,"mRNA","efThoc1[1],Death[1]"
TRPT1,ENSG00000149743,"tRNA","PTS_2-RNA[1]"
NHP2L1,ENSG00000100138,"snRNA","Ribosomal_L7Ae[1]"
EIF2B2,ENSG00000119718,"mRNA","IF-2B[1]"
RNF113B,ENSG00000139797,"snRNA","zf-CCCH[1],zf-C3HC4_3[1]"
RNF113A,ENSG00000125352,"snRNA","zf-CCCH[1],zf-C3HC4_2[1]"
INTS10,ENSG00000104613,"snRNA","."
LENG9,ENSG00000262887,"unknown","AKAP7_NLS[1],DUF504[1],zf-CCCH[1]"
RPS29,ENSG00000213741,"ribosome","Ribosomal_S14[1]"
NOP16,ENSG00000048162,"rRNA","Nop16[1]"
U2AF1,ENSG00000160201,"mRNA","RRM_5[1],zf-CCCH[2]"
U2AF1L4,ENSG00000161265,"mRNA","RRM_5[1],zf-CCCH[2]"
RANBP6,ENSG00000137040,"mRNA","HEAT_2[2]"
IPO5,ENSG00000065150,"mRNA","IBN_N[1],HEAT_2[1],HEAT[1]"
THOC7,ENSG00000163634,"mRNA","THOC7[1]"
DNMT3B,ENSG00000088305,"diverse","DNA_methylase[1],PWWP[1]"
GFM1,ENSG00000168827,"mRNA","EFG_C[1],GTP_EFTU_D2[1],EFG_IV[1],EFG_II[1],GTP_EFTU[1]"
RNASE9,ENSG00000188655,"unknown","RnaseA[1]"
PLRG1,ENSG00000171566,"mRNA","WD40[6]"
REXO1,ENSG00000079313,"rRNA","RNase_T[1]"
ZC3HAV1L,ENSG00000146858,"unknown","."
LSM14A,ENSG00000262860,"mRNA","LSM14[1],FDF[1]"
LSM14B,ENSG00000149657,"mRNA","LSM14[1],FDF[1]"
LUZP4,ENSG00000267900,"mRNA","FYTT[1]"
TDRD6,ENSG00000180113,"ncRNA","TUDOR[7]"
TDRD15,ENSG00000218819,"unknown","TUDOR[8]"
MRPS22,ENSG00000175110,"ribosome","MRP-S22[1]"
EEF1B2,ENSG00000114942,"tRNA","EF1_GNE[1],EF-1_beta_acid[1]"
EEF1D,ENSG00000104529,"tRNA","EF1_GNE[1],EF-1_beta_acid[1]"
SIDT1,ENSG00000072858,"ncRNA","SID-1_RNA_chan[1]"
SIDT2,ENSG00000149577,"ncRNA","SID-1_RNA_chan[1]"
TRMT44,ENSG00000155275,"tRNA","AdoMet_MTase[1]"
GPATCH8,ENSG00000186566,"unknown","G-patch[1],zf-C2H2_jaz[1]"
WDR4,ENSG00000160193,"tRNA","WD40[1]"
SLIRP,ENSG00000119705,"ncRNA","RRM_1[1]"
ATXN1,ENSG00000124788,"mRNA","ATXN-1_C[1],AXH[1]"
ATXN1L,ENSG00000224470,"mRNA","AXH[1]"
YTHDF1,ENSG00000149658,"mRNA","YTH[1]"
YTHDF2,ENSG00000198492,"mRNA","YTH[1]"
YTHDF3,ENSG00000185728,"mRNA","YTH[1]"
LRPPRC,ENSG00000138095,"mRNA","PPR_2[2],PPR[1]"
TFIP11,ENSG00000100109,"mRNA","G-patch[1],TIP_N[1],GCFC[1]"
ILF2,ENSG00000143621,"mRNA","DZF[1]"
STRBP,ENSG00000165209,"mRNA","dsrm[2],DZF[1]"
ILF3,ENSG00000129351,"mRNA","dsrm[2],DZF[1]"
TCERG1,ENSG00000113649,"mRNA","FF[6],WW[3]"
NXF5,ENSG00000126952,"mRNA","LRR_4[1],Tap-RNA_bind[1]"
NXF2B,ENSG00000185945,"mRNA","LRR_4[1],Tap-RNA_bind[1],NTF2[1],TAP_C[1]"
NXF2,ENSG00000269437,"mRNA","LRR_4[1],Tap-RNA_bind[1],NTF2[1],TAP_C[1]"
NXF1,ENSG00000162231,"mRNA","LRR_4[1],Tap-RNA_bind[1],NTF2[1],TAP_C[1]"
NXF3,ENSG00000147206,"mRNA","Tap-RNA_bind[1],NTF2[1]"
ZRSR1,ENSG00000212643,"mRNA","RRM_5[1],zf-CCCH[2]"
ZRSR2,ENSG00000169249,"mRNA","RRM_5[1],zf-CCCH[2]"
MRPL35,ENSG00000132313,"ribosome","Ribosomal_L35p[1]"
RRS1,ENSG00000179041,"rRNA","RRS1[1]"
PRKDC,ENSG00000253729,"mRNA","PI3_PI4_kinase[1]"
NOC2L,ENSG00000188976,"rRNA","Noc2[1]"
MTIF3,ENSG00000122033,"mRNA","IF3_C[1],IF3_N[1]"
NOL11,ENSG00000130935,"rRNA","NUC205[1]"
EXOSC3,ENSG00000107371,"diverse","."
PNPT1,ENSG00000138035,"diverse","S1[1],PNPase[1],RNase_PH[2],RNase_PH_C[2],KH_1[1]"
TSNAX,ENSG00000116918,"tRNA","Translin[1]"
RIOK1,ENSG00000124784,"rRNA","RIO1[1]"
RIOK3,ENSG00000101782,"rRNA","RIO1[1]"
PIWIL1,ENSG00000125207,"ncRNA","GAGE[1],PAZ[1],Piwi[1]"
PIWIL2,ENSG00000197181,"ncRNA","PAZ[1],Piwi[1]"
PIWIL3,ENSG00000184571,"ncRNA","PAZ[1],Piwi[1]"
PIWIL4,ENSG00000134627,"ncRNA","PAZ[1],Piwi[1]"
PEG10,ENSG00000242265,"unknown","CCDC155[1],Retrotrans_gag[1]"
ZCCHC5,ENSG00000179300,"unknown","zf-CCHC[1]"
POP7,ENSG00000172336,"ncRNA","Rpp20[1]"
FASTKD3,ENSG00000124279,"mRNA","FAST_1[1],FAST_2[1],RAP[1]"
TBRG4,ENSG00000136270,"mRNA","FAST_1[1],FAST_2[1],RAP[1]"
FASTK,ENSG00000164896,"mRNA","FAST_1[1],FAST_2[1],RAP[1]"
TRMT13,ENSG00000122435,"tRNA","zf-TRM13_CCCH[1],zf-U11-48K[1],TRM13[1]"
IREB2,ENSG00000136381,"mRNA","Aconitase_C[1],Aconitase[2]"
ACO1,ENSG00000122729,"mRNA","Aconitase_C[1],Aconitase[1]"
ZCCHC3,ENSG00000177764,"unknown","zf-CCHC[1]"
SNUPN,ENSG00000169371,"snRNA","Snurportin1[1]"
PTRHD1,ENSG00000184924,"tRNA","PTH2[1]"
HARS,ENSG00000170445,"tRNA","HGTP_anticodon[1],tRNA-synt_His[1],WHEP-TRS[1]"
HARS2,ENSG00000112855,"tRNA","HGTP_anticodon[1],tRNA-synt_His[1]"
HNRNPK,ENSG00000165119,"mRNA","ROKNT[1],KH_1[3]"
PCBP1,ENSG00000169564,"mRNA","KH_1[3]"
PCBP2,ENSG00000197111,"mRNA","KH_1[3]"
PCBP3,ENSG00000183570,"mRNA","KH_1[3]"
PCBP4,ENSG00000090097,"mRNA","KH_1[3]"
AQR,ENSG00000021776,"mRNA","AAA_11[1],AAA_12[1]"
ICT1,ENSG00000167862,"tRNA","RF-1[1]"
UNK,ENSG00000132478,"unknown","DUF3450[1],zf-CCCH[1],zf-C3HC4_3[1]"
UNKL,ENSG00000059145,"unknown","zf-CCCH[1],zf-C3HC4_3[1]"
CEBPZ,ENSG00000115816,"rRNA","CBF[1]"
MRPS9,ENSG00000135972,"ribosome","Ribosomal_S9[1]"
THG1L,ENSG00000113272,"tRNA","Thg1[1],Thg1C[1]"
ZCCHC13,ENSG00000187969,"mRNA","zf-CCHC[4]"
CNBP,ENSG00000169714,"mRNA","zf-CCHC[7]"
SRRT,ENSG00000087087,"ncRNA","ARS2[1],DUF3546[1]"
CD2BP2,ENSG00000169217,"snRNA","GYF[1]"
SNRPG,ENSG00000143977,"snRNA","LSM[1]"
APTX,ENSG00000137074,"diverse","FHA[1],DcpS_C[1]"
RPL17,ENSG00000265681,"ribosome","Ribosomal_L22[1]"
BMS1,ENSG00000165733,"rRNA","MobB[1],DUF663[1],AARP2CN[1]"
SARS,ENSG00000031698,"tRNA","tRNA-synt_2b[1],Seryl_tRNA_N[1]"
SARS2,ENSG00000269547,"tRNA","tRNA-synt_2b[1],FBA[1]"
PAIP2,ENSG00000120727,"mRNA","PAM2[1]"
PAIP2B,ENSG00000124374,"mRNA","PAM2[1]"
GEMIN4,ENSG00000179409,"snRNA","."
PNRC2,ENSG00000189266,"mRNA","PNRC[1]"
FASTKD2,ENSG00000118246,"mRNA","FAST_1[1],FAST_2[1],RAP[1]"
GEMIN6,ENSG00000152147,"snRNA","Gemin6[1]"
DDX20,ENSG00000064703,"snRNA","Helicase_C[1],DEAD[1]"
DDX39A,ENSG00000123136,"mRNA","Helicase_C[1],DEAD[1]"
DDX39B,ENSG00000237889,"mRNA","Helicase_C[1],DEAD[1]"
DHX37,ENSG00000150990,"snoRNA","OB_NTP_bind[1],HA2[1],Helicase_C[1],DEAD[1]"
ZNF346,ENSG00000113761,"unknown","zf-met[4]"
MRPL50,ENSG00000136897,"ribosome","Ribosomal_L50[1]"
RNASE1,ENSG00000129538,"diverse","RnaseA[1]"
RNASE2,ENSG00000169385,"diverse","RnaseA[1]"
RNASE3,ENSG00000169397,"diverse","RnaseA[1]"
RNASE4,ENSG00000258818,"diverse","RnaseA[1]"
RNASE6,ENSG00000169413,"diverse","RnaseA[1]"
RNASE7,ENSG00000165799,"diverse","RnaseA[1]"
RNASE8,ENSG00000173431,"diverse","RnaseA[1]"
ANG,ENSG00000214274,"diverse","RnaseA[1]"
DYNC1H1,ENSG00000197102,"mRNA","Dynein_heavy[1],AAA_9[1],DHC_N1[1],DHC_N2[1],MT[1],AAA_6[1],AAA_5[1],AAA_7[1],AAA_8[1]"
FTSJ3,ENSG00000108592,"rRNA","Spb1_C[1],FtsJ[1],DUF3381[1]"
SF3B2,ENSG00000087365,"mRNA","SAP[1],DUF382[1],PSP[1]"
CTU2,ENSG00000174177,"tRNA","DUF2392[1]"
XPOT,ENSG00000184575,"tRNA","Xpo1[1]"
RBMXL1,ENSG00000213516,"mRNA","RBM1CTR[1],RRM_1[1]"
RBMXL2,ENSG00000170748,"mRNA","RBM1CTR[1],RRM_1[1]"
RBMXL3,ENSG00000175718,"mRNA","RRM_1[1]"
RBMY1A1,ENSG00000234414,"mRNA","RBM1CTR[1],RRM_1[1]"
RBMY1B,ENSG00000242875,"mRNA","RBM1CTR[1],RRM_1[1]"
RBMY1D,ENSG00000244395,"mRNA","RBM1CTR[1],RRM_1[1]"
RBMY1E,ENSG00000242389,"mRNA","RBM1CTR[1],RRM_1[1]"
RBMY1F,ENSG00000169800,"mRNA","RBM1CTR[1],RRM_1[1]"
RBMY1J,ENSG00000226941,"mRNA","RBM1CTR[1],RRM_1[1]"
RBMX,ENSG00000147274,"mRNA","RBM1CTR[1],RRM_1[1]"
PPP1R10,ENSG00000235291,"unknown","zf-CCCH[1],Med26[1]"
PRR3,ENSG00000206491,"unknown","zf-CCCH[1]"
DKC1,ENSG00000130826,"snoRNA","PUA[1],DKCLD[1],TruB_N[1]"
MRPL17,ENSG00000158042,"ribosome","Ribosomal_L17[1]"
TRA2A,ENSG00000164548,"mRNA","RRM_1[1]"
TRA2B,ENSG00000136527,"mRNA","RRM_1[1]"
RPL26L1,ENSG00000037241,"ribosome","KOW[1]"
RPL26,ENSG00000161970,"ribosome","KOW[1]"
AUH,ENSG00000148090,"mRNA","ECH[1]"
EIF3C,ENSG00000184110,"mRNA","eIF-3c_N[1],PCI[1]"
EIF3CL,ENSG00000205609,"mRNA","eIF-3c_N[1],PCI[1]"
SCAF8,ENSG00000213079,"mRNA","RRM_1[1],CTD_bind[1]"
SCAF4,ENSG00000156304,"mRNA","RRM_1[1],CTD_bind[1]"
EEF2K,ENSG00000103319,"mRNA","Alpha_kinase[1]"
RPL6,ENSG00000089009,"ribosome","Ribosomal_L6e[1],Ribosomal_L6e_N[1]"
MRPL11,ENSG00000174547,"ribosome","Ribosomal_L11[1],Ribosomal_L11_N[1]"
G3BP1,ENSG00000145907,"mRNA","RRM_1[1],NTF2[1]"
G3BP2,ENSG00000138757,"mRNA","RRM_1[1],NTF2[1]"
MRPS26,ENSG00000125901,"ribosome","MRP-S26[1]"
SF3B5,ENSG00000169976,"mRNA","SF3b10[1]"
DHX34,ENSG00000134815,"mRNA","OB_NTP_bind[1],HA2[1],Helicase_C[1],DEAD[1]"
UTP23,ENSG00000147679,"snoRNA","Fcf1[1]"
SNRNP48,ENSG00000168566,"snRNA","zf-U11-48K[1]"
PRPF38B,ENSG00000134186,"snRNA","PRP38[1]"
HEXIM1,ENSG00000186834,"ncRNA","HEXIM[1]"
HEXIM2,ENSG00000168517,"ncRNA","HEXIM[1],Herpes_BLRF2[1]"
SRRM2,ENSG00000167978,"mRNA","cwf21[1]"
SRRM3,ENSG00000262321,"mRNA","cwf21[1],SRRM_C[1]"
PIH1D3,ENSG00000080572,"unknown","PIH1[1]"
DHX40,ENSG00000108406,"mRNA","OB_NTP_bind[1],HA2[1],Helicase_C[1],DEAD[1]"
DHX38,ENSG00000140829,"mRNA","OB_NTP_bind[1],HA2[1],Helicase_C[1],DEAD[1]"
TRMT61B,ENSG00000171103,"tRNA","GCD14[1]"
CSDC2,ENSG00000172346,"mRNA","CSD[1]"
CARHSP1,ENSG00000153048,"mRNA","CSD[1]"
POP4,ENSG00000105171,"ncRNA","UPF0086[1]"
LARP6,ENSG00000166173,"mRNA","SUZ-C[1],La[1]"
RNPC3,ENSG00000185946,"snRNA","RRM_1[2]"
RPL30,ENSG00000156482,"ribosome","Ribosomal_L7Ae[1]"
RUVBL2,ENSG00000183207,"mRNA","TIP49[1]"
DRG1,ENSG00000185721,"mRNA","MMR_HSR1[1],TGS[1]"
TRIM25,ENSG00000121060,"mRNA","SPRY[1],PRY[1],zf-C3HC4_4[1],zf-B_box[1]"
RQCD1,ENSG00000144580,"mRNA","Rcd1[1]"
MRPS18C,ENSG00000163319,"ribosome","Ribosomal_S18[1]"
MRPL45,ENSG00000174100,"ribosome","Tim44[1]"
RPLP2,ENSG00000177600,"ribosome","Ribosomal_60s[1]"
SRP19,ENSG00000153037,"ncRNA","SRP19[1]"
RPS24,ENSG00000138326,"ribosome","Ribosomal_S24e[1]"
AKAP17A,ENSG00000197976,"mRNA","."
NXT2,ENSG00000101888,"mRNA","NTF2[1]"
NXT1,ENSG00000132661,"mRNA","NTF2[1]"
MRPL9,ENSG00000143436,"ribosome","Ribosomal_L9_N[1]"
RPL27,ENSG00000131469,"ribosome","KOW[1],Ribosomal_L27e[1]"
RPL24,ENSG00000114391,"ribosome","Ribosomal_L24e[1]"
CNOT10,ENSG00000182973,"mRNA","TPR_1[2],BLOC1_2[1]"
ABT1,ENSG00000146109,"mRNA","RRM_6[1]"
DDX25,ENSG00000109832,"mRNA","Helicase_C[1],DEAD[1]"
DDX19A,ENSG00000168872,"mRNA","Helicase_C[1],DEAD[1]"
DDX19B,ENSG00000260537,"mRNA","DEAD[1]"
MRPS30,ENSG00000112996,"ribosome","PDCD9[1]"
SMG1,ENSG00000157106,"mRNA","PI3_PI4_kinase[1],FATC[1]"
EXOSC5,ENSG00000077348,"diverse","RNase_PH[1],RNase_PH_C[1]"
AIMP2,ENSG00000106305,"tRNA","GST_C_3[1]"
BZW2,ENSG00000136261,"mRNA","W2[1]"
BZW1,ENSG00000082153,"mRNA","W2[1]"
PARS2,ENSG00000162396,"tRNA","tRNA-synt_2b[1],HGTP_anticodon[1]"
INTS12,ENSG00000138785,"snRNA","PHD[1]"
EIF3H,ENSG00000147677,"mRNA","XkdN[1],JAB[1]"
SKIV2L,ENSG00000223493,"mRNA","Helicase_C[1],rRNA_proc-arch[2],DSHCT[1],DEAD[1]"
RC3H2,ENSG00000056586,"mRNA","zf-RING_5[1],zf-CCCH[1]"
RC3H1,ENSG00000135870,"mRNA","zf-CCCH[1],zf-RING_UBOX[1]"
ZFP36,ENSG00000128016,"mRNA","zf-CCCH[2]"
ZFP36L1,ENSG00000185650,"mRNA","Tis11B_N[1],zf-CCCH[2]"
ZFP36L2,ENSG00000152518,"mRNA","Tis11B_N[1],zf-CCCH[2]"
ANKHD1,ENSG00000131503,"unknown","Ank_2[6],Ank[1],KH_1[1],Ank_4[4]"
ANKRD17,ENSG00000132466,"unknown","Ank_2[6],Ank[3],KH_1[1],Ank_4[3]"
HELZ2,ENSG00000130589,"mRNA","AAA_11[2],RNB[1],AAA_12[2]"
UPF1,ENSG00000005007,"mRNA","AAA_11[1],AAA_12[1],UPF1_Zn_bind[1]"
DROSHA,ENSG00000113360,"ncRNA","Ribonucleas_3_3[1],dsrm[1],Ribonuclease_3[1]"
MRPL37,ENSG00000116221,"ribosome","PDCD9[1]"
PUS10,ENSG00000162927,"tRNA","TPD[1]"
NUDT16,ENSG00000198585,"snoRNA","NUDIX[1]"
NUDT16L1,ENSG00000168101,"snoRNA","."
TRMT11,ENSG00000066651,"tRNA","UPF0020[1]"
PET112,ENSG00000059691,"tRNA","GatB_Yqey[1],GatB_N[1]"
NUFIP1,ENSG00000083635,"snoRNA","zf-C2H2_jaz[1],NUFIP1[1]"
PURA,ENSG00000185129,"mRNA","PurA[1]"
PURB,ENSG00000146676,"mRNA","PurA[1]"
PURG,ENSG00000172733,"mRNA","PurA[1]"
ZRANB2,ENSG00000132485,"mRNA","zf-RanBP[2]"
THOC5,ENSG00000100296,"mRNA","FimP[1]"
TSEN54,ENSG00000182173,"tRNA","tRNA_int_end_N2[1]"
SRP9,ENSG00000143742,"ncRNA","SRP9-21[1]"
PIN4,ENSG00000102309,"rRNA","Rotamase_3[1]"
ZC3H14,ENSG00000100722,"mRNA","zf-CCCH_2[3]"
CNOT2,ENSG00000111596,"mRNA","NOT2_3_5[1]"
TARBP1,ENSG00000059588,"mRNA","SpoU_methylase[1]"
AGO1,ENSG00000092847,"ncRNA","DUF1785[1],PAZ[1],Piwi[1]"
AGO2,ENSG00000123908,"ncRNA","DUF1785[1],PAZ[1],Piwi[1]"
AGO3,ENSG00000126070,"ncRNA","DUF1785[1],PAZ[1],Piwi[1]"
AGO4,ENSG00000134698,"ncRNA","DUF1785[1],PAZ[1],Piwi[1]"
LARP4B,ENSG00000107929,"mRNA","La[1],RRM_5[1]"
LARP4,ENSG00000161813,"mRNA","La[1],RRM_6[1]"
SNW1,ENSG00000100603,"mRNA","SKIP_SNW[1]"
EZH2,ENSG00000106462,"ncRNA","SET[1],EZH2_WD-Binding[1]"
EIF3B,ENSG00000106263,"mRNA","eIF2A[2],RRM_1[1]"
RPP30,ENSG00000148688,"ncRNA","GVQW[1],RNase_P_p30[1]"
ZMAT3,ENSG00000172667,"ncRNA","zf-C2H2_jaz[1],zf-met[2]"
PTGES3,ENSG00000110958,"ncRNA","CS[1]"
KARS,ENSG00000065427,"tRNA","tRNA-synt_2[1],tRNA_anti-codon[1]"
RAN,ENSG00000132341,"mRNA","Ras[1]"
SNRPA,ENSG00000077312,"snRNA","RRM_1[2]"
SNRPB2,ENSG00000125870,"snRNA","RRM_5[1],RRM_1[1]"
HEATR1,ENSG00000119285,"snoRNA","BP28CT[1],DUF2435[1],U3snoRNP10[1]"
PTGES3L-AARSD1,ENSG00000108825,"tRNA","tRNA_SAD[1],CS[1],tRNA-synt_2c[1]"
AARSD1,ENSG00000266967,"tRNA","tRNA_SAD[1],tRNA-synt_2c[1]"
CPSF3,ENSG00000119203,"mRNA","RMMBL[1],Beta-Casp[1],Lactamase_B[1],CPSF73-100_C[1]"
CPSF3L,ENSG00000127054,"mRNA","RMMBL[1],Beta-Casp[1],Lactamase_B[1]"
CWC25,ENSG00000108296,"mRNA","Cir_N[1],CWC25[1]"
RPS5,ENSG00000083845,"ribosome","Ribosomal_S7[1]"
POLR2D,ENSG00000144231,"mRNA","RNA_pol_Rpb4[1]"
C9orf114,ENSG00000198917,"unknown","Methyltrn_RNA_3[1]"
MRPL44,ENSG00000135900,"ribosome","dsrm[1]"
ETF1,ENSG00000120705,"mRNA","eRF1_1[1],eRF1_2[1],eRF1_3[1]"
GAR1,ENSG00000109534,"snoRNA","Gar1[1]"
MVP,ENSG00000013364,"ncRNA","MVP_shoulder[1],Vault[5]"
RPF2,ENSG00000197498,"rRNA","Brix[1]"
ZC3H18,ENSG00000158545,"unknown","zf-CCCH[1]"
INTS5,ENSG00000185085,"snRNA","INTS5_C[1],INTS5_N[1]"
INTS3,ENSG00000143624,"snRNA","DUF2356[1]"
LSM6,ENSG00000164167,"snRNA","LSM[1]"
SNRPF,ENSG00000139343,"snRNA","LSM[1]"
TUT1,ENSG00000149016,"snRNA","PAP_assoc[1],zf-met[1],RRM_6[1]"
MTPAP,ENSG00000107951,"mRNA","GOLGA2L5[1],PAP_assoc[1]"
EIF2AK1,ENSG00000086232,"mRNA","Pkinase[2]"
EIF2AK2,ENSG00000055332,"ncRNA","Pkinase[1],dsrm[2]"
EIF2AK3,ENSG00000172071,"mRNA","PQQ_2[1],Pkinase[2]"
EIF2AK4,ENSG00000128829,"tRNA","Pkinase[3],HGTP_anticodon2[1],tRNA-synt_His[1],RWD[1]"
MRPL22,ENSG00000082515,"ribosome","Ribosomal_L22[1]"
PES1,ENSG00000100029,"rRNA","BRCT[1],Pescadillo_N[1]"
LSM7,ENSG00000130332,"snRNA","LSM[1]"
PAPD4,ENSG00000164329,"mRNA","PAP_assoc[1],NTP_transf_2[1]"
ZCCHC11,ENSG00000134744,"ncRNA","zf-CCHC[2],PAP_assoc[2],NTP_transf_2[1]"
ZCCHC6,ENSG00000083223,"ncRNA","zf-CCHC[3],PAP_assoc[2],NTP_transf_2[1]"
KHDRBS1,ENSG00000121774,"mRNA","KH_1[1]"
KHDRBS2,ENSG00000112232,"mRNA","KH_1[1]"
KHDRBS3,ENSG00000131773,"mRNA","KH_1[1]"
QKI,ENSG00000112531,"mRNA","KH_1[1]"
SF1,ENSG00000168066,"mRNA","zf-CCHC[1],KH_1[1]"
LRRC47,ENSG00000130764,"unknown","LRR_4[3],B3_4[1]"
ISY1,ENSG00000240682,"mRNA","Isy1[1]"
SRRM1,ENSG00000133226,"mRNA","PWI[1]"
IPO9,ENSG00000198700,"mRNA","IBN_N[1],Xpo1[1]"
MTRF1,ENSG00000120662,"mRNA","PCRF[1],RF-1[1]"
MTRF1L,ENSG00000112031,"mRNA","PCRF[1],RF-1[1]"
WIBG,ENSG00000170473,"mRNA","Mago-bind[1]"
PPAN,ENSG00000130810,"mRNA","7tm_1[1],Brix[1]"
FUBP3,ENSG00000107164,"mRNA","KH_1[4]"
FUBP1,ENSG00000162613,"mRNA","DUF1897[2],KH_1[4]"
KHSRP,ENSG00000088247,"mRNA","DUF1897[2],KH_1[4]"
CHTOP,ENSG00000160679,"mRNA","FoP_duplication[1]"
PTCD2,ENSG00000049883,"mRNA","MRP-S27[1]"
POLR2A,ENSG00000181222,"mRNA","RNA_pol_Rpb1_3[1],RNA_pol_Rpb1_R[1],RNA_pol_Rpb1_2[1],RNA_pol_Rpb1_1[1],RNA_pol_Rpb1_5[1],RNA_pol_Rpb1_4[1]"
MRPL43,ENSG00000055950,"ribosome","L51_S25_CI-B8[1]"
DDX55,ENSG00000111364,"rRNA","DUF4217[1],Helicase_C[1],DEAD[1]"
RPS15,ENSG00000115268,"ribosome","Ribosomal_S19[1]"
CPSF4,ENSG00000160917,"mRNA","zf-CCHC[1],zf-CCCH[3]"
CPSF4L,ENSG00000187959,"mRNA","zf-CCCH[3]"
CSTF2,ENSG00000101811,"mRNA","RRM_1[1],CSTF2_hinge[1],CSTF_C[1]"
CSTF2T,ENSG00000177613,"mRNA","RRM_1[1],CSTF2_hinge[1],CSTF_C[1]"
RAVER2,ENSG00000162437,"mRNA","RRM_1[2],RRM_6[1]"
RAVER1,ENSG00000161847,"mRNA","RRM_1[1],RRM_6[2]"
EIF1AX,ENSG00000173674,"mRNA","eIF-1a[1]"
EIF1AY,ENSG00000198692,"mRNA","eIF-1a[1]"
DALRD3,ENSG00000178149,"tRNA","DALR_1[1]"
NSUN2,ENSG00000037474,"tRNA","Nol1_Nop2_Fmu[1]"
URB2,ENSG00000135763,"rRNA","Urb2[1]"
PHAX,ENSG00000164902,"snRNA","RNA_GG_bind[1]"
PPARGC1A,ENSG00000109819,"unknown","RRM_1[1]"
PPARGC1B,ENSG00000155846,"unknown","RRM_1[1]"
PPRC1,ENSG00000148840,"mRNA","RRM_1[1]"
PHF5A,ENSG00000100410,"mRNA","PHF5[1]"
MCTS1,ENSG00000232119,"unknown","PUA[1]"
RRP7A,ENSG00000189306,"rRNA","RRP7[1],RRM_1[1]"
DGCR8,ENSG00000128191,"ncRNA","WW[1],dsrm[2]"
ZC3H13,ENSG00000123200,"unknown","DUF1777[1],zf-CCCH[1]"
UPF3A,ENSG00000169062,"mRNA","Smg4_UPF3[1]"
UPF3B,ENSG00000125351,"mRNA","Smg4_UPF3[1]"
RBM24,ENSG00000112183,"mRNA","RRM_6[1]"
RBM38,ENSG00000132819,"mRNA","RRM_1[1]"
THOC3,ENSG00000051596,"mRNA","WD40[4]"
IGHMBP2,ENSG00000132740,"tRNA","R3H[1],AAA_11[1],zf-AN1[1],AAA_12[1]"
PAPD5,ENSG00000121274,"diverse","PAP_assoc[1],NTP_transf_2[1]"
PAPD7,ENSG00000112941,"diverse","PAP_assoc[1],NTP_transf_2[1]"
GFM2,ENSG00000164347,"mRNA","EFG_C[1],GTP_EFTU_D2[1],EFG_IV[1],EFG_II[1],GTP_EFTU[1]"
PHRF1,ENSG00000070047,"mRNA","PHD[1],zf-RING_2[1]"
VARS,ENSG00000096171,"tRNA","GST_C[1],GST_N[1],Anticodon_1[1],tRNA-synt_1[1]"
VARS2,ENSG00000137411,"tRNA","Anticodon_1[1],tRNA-synt_1[1]"
MRPL1,ENSG00000169288,"ribosome","Ribosomal_L1[1]"
INTS7,ENSG00000143493,"snRNA","."
ATXN2L,ENSG00000168488,"mRNA","PAM2[1],LsmAD[1],SM-ATX[1]"
ATXN2,ENSG00000204842,"mRNA","PAM2[1],LsmAD[1],SM-ATX[1]"
PPIL4,ENSG00000131013,"mRNA","RRM_1[1],Pro_isomerase[1]"
PPIL3,ENSG00000240344,"mRNA","Pro_isomerase[1]"
PPWD1,ENSG00000113593,"mRNA","Pro_isomerase[1],WD40[2]"
CWC27,ENSG00000153015,"mRNA","Pro_isomerase[1]"
PPIH,ENSG00000171960,"mRNA","Pro_isomerase[1]"
NUTF2,ENSG00000102898,"mRNA","NTF2[1]"
MRPL18,ENSG00000112110,"ribosome","Ribosomal_L18p[1]"
LSM11,ENSG00000155858,"snRNA","LSM[2]"
AARS2,ENSG00000124608,"tRNA","tRNA_SAD[1],tRNA-synt_2c[1]"
AARS,ENSG00000090861,"tRNA","tRNA_SAD[1],DHHA1[1],tRNA-synt_2c[1]"
MIF4GD,ENSG00000125457,"mRNA","MIF4G[1]"
CTIF,ENSG00000134030,"mRNA","MIF4G[1]"
C9orf129,ENSG00000204352,"unknown","."
LUC7L2,ENSG00000269955,"mRNA","LUC7[1]"
LUC7L3,ENSG00000108848,"mRNA","LUC7[1]"
LUC7L,ENSG00000007392,"mRNA","LUC7[1]"
DUS2,ENSG00000167264,"tRNA","dsrm[1],Dus[1]"
RNF17,ENSG00000132972,"mRNA","TUDOR[5]"
TDRD1,ENSG00000095627,"ncRNA","TUDOR[4],zf-MYND[1]"
MRPS10,ENSG00000048544,"ribosome","Ribosomal_S10[1]"
FAM103A1,ENSG00000169612,"mRNA","RAM[1]"
ENOX1,ENSG00000120658,"mRNA","RRM_1[1]"
ENOX2,ENSG00000165675,"mRNA","RRM_1[1]"
RBPMS,ENSG00000157110,"mRNA","RRM_1[1]"
RBPMS2,ENSG00000166831,"mRNA","RRM_1[1]"
NIP7,ENSG00000132603,"rRNA","UPF0113[1]"
RPL3,ENSG00000100316,"ribosome","Ribosomal_L3[1]"
RPL3L,ENSG00000140986,"ribosome","Ribosomal_L3[1]"
RNASE11,ENSG00000173464,"unknown","RnaseA[1]"
RNASE12,ENSG00000258436,"unknown","RnaseA[1]"
RPLP0,ENSG00000089157,"ribosome","Ribosomal_L10[1],Ribosomal_60s[1]"
RBM34,ENSG00000188739,"mRNA","RRM_1[2]"
CMTR2,ENSG00000180917,"mRNA","FtsJ[1]"
ENDOU,ENSG00000111405,"snoRNA","XendoU[1],Somatomedin_B[2]"
PUM1,ENSG00000134644,"mRNA","Shadoo[1],PUF[8]"
PUM2,ENSG00000055917,"mRNA","PUF[8]"
TYW5,ENSG00000162971,"tRNA","Cupin_8[1]"
TYW3,ENSG00000162623,"tRNA","TYW3[1]"
TRMT1,ENSG00000104907,"tRNA","TRM[1],zf-CCCH[1]"
RAE1,ENSG00000101146,"mRNA","WD40[3]"
SLU7,ENSG00000164609,"mRNA","Slu7[1]"
EIF2B4,ENSG00000115211,"mRNA","IF-2B[1]"
EIF5B,ENSG00000158417,"tRNA","GTP_EFTU_D2[1],IF-2[1],GTP_EFTU_D4[1],GTP_EFTU[1]"
GPATCH1,ENSG00000076650,"mRNA","G-patch[1],Cwf_Cwc_15[1],DUF1604[1]"
RPL36,ENSG00000130255,"ribosome","Ribosomal_L36e[1]"
EEF1A1,ENSG00000156508,"tRNA","GTP_EFTU_D2[1],GTP_EFTU_D3[1],GTP_EFTU[1]"
EEF1A2,ENSG00000101210,"tRNA","GTP_EFTU_D2[1],GTP_EFTU_D3[1],GTP_EFTU[1]"
RRP8,ENSG00000132275,"rRNA","Methyltransf_8[1]"
UBA52,ENSG00000221983,"ribosome","ubiquitin[1],Ribosomal_L40e[2]"
R3HDM1,ENSG00000048991,"unknown","SUZ[1],R3H[1]"
R3HDM2,ENSG00000179912,"unknown","SUZ[1],R3H[1]"
PA2G4,ENSG00000170515,"rRNA","Peptidase_M24[1]"
AAR2,ENSG00000131043,"snRNA","AAR2[1]"
ERI1,ENSG00000104626,"rRNA","SAP[1],RNase_T[1]"
ERI2,ENSG00000196678,"unknown","zf-GRF[1],RNase_T[1]"
ERI3,ENSG00000117419,"unknown","RNase_T[1]"
NIFK,ENSG00000155438,"rRNA","RRM_1[1],hNIFK_binding[1]"
METTL14,ENSG00000145388,"mRNA","MT-A70[1]"
MRPL32,ENSG00000106591,"ribosome","Ribosomal_L32p[1]"
CPSF6,ENSG00000111605,"mRNA","RRM_6[1]"
CPSF7,ENSG00000149532,"mRNA","RRM_1[1]"
RPL7A,ENSG00000260501,"ribosome","Ribosomal_L7Ae[1]"
WDR46,ENSG00000227057,"snoRNA","BING4CT[1],WD40[1]"
SRP14,ENSG00000140319,"ncRNA","SRP14[1]"
TFAM,ENSG00000108064,"mRNA","HMG_box[1],HMG_box_2[1]"
CMSS1,ENSG00000184220,"rRNA","CMS1[1]"
XPO6,ENSG00000169180,"mRNA","IBN_N[1],Xpo1[1]"
EXOSC1,ENSG00000171311,"diverse","EXOSC1[1],ECR1_N[1]"
ZNF106,ENSG00000103994,"unknown","zf-C2H2_jaz[1]"
UTP14A,ENSG00000156697,"snoRNA","Utp14[1]"
UTP14C,ENSG00000253797,"snoRNA","Utp14[1]"
TRUB1,ENSG00000165832,"tRNA","TruB_N[1]"
TRUB2,ENSG00000167112,"tRNA","TruB_N[1]"
PRIM1,ENSG00000198056,"diverse","DNA_primase_S[1]"
PTCD3,ENSG00000132300,"mRNA","PPR_2[1],PPR_3[1]"
HNRNPA0,ENSG00000177733,"mRNA","RRM_1[1],RRM_6[1]"
HNRNPA1,ENSG00000135486,"mRNA","HnRNPA1[1],RRM_1[2]"
HNRNPA1L2,ENSG00000139675,"mRNA","HnRNPA1[1],RRM_1[2]"
HNRNPA2B1,ENSG00000122566,"mRNA","RRM_1[1],RRM_6[1]"
HNRNPA3,ENSG00000170144,"mRNA","RRM_1[1],RRM_6[1]"
HNRNPAB,ENSG00000197451,"mRNA","RRM_1[2],CBFNT[1]"
HNRNPD,ENSG00000138668,"mRNA","RRM_1[2],CBFNT[1]"
HNRNPDL,ENSG00000152795,"mRNA","RRM_1[2],CBFNT[1]"
RANBP2,ENSG00000153201,"mRNA","TPR_1[1],IR1-M[2],zf-RanBP[8],Ran_BP1[4],Pro_isomerase[1]"
RPL7,ENSG00000147604,"ribosome","Ribosomal_L30[1],Ribosomal_L30_N[1]"
RPL7L1,ENSG00000146223,"ribosome","Ribosomal_L30[1],Ribosomal_L30_N[1]"
RNASE13,ENSG00000206150,"unknown","RnaseA[1]"
RPS6,ENSG00000137154,"ribosome","Ribosomal_S6e[1]"
MRPL3,ENSG00000114686,"ribosome","Ribosomal_L3[1]"
DDX28,ENSG00000182810,"rRNA","Helicase_C[1],DEAD[1]"
DDX47,ENSG00000213782,"rRNA","Helicase_C[1],DEAD[1]"
RNASEH2C,ENSG00000172922,"diverse","RNase_H2_suC[1]"
TFB2M,ENSG00000162851,"rRNA","RrnaAD[1]"
TEP1,ENSG00000129566,"ncRNA","NACHT[1],TROVE[1],TEP1_N[4],WD40[8],DUF4062[1]"
NOC4L,ENSG00000184967,"rRNA","CBF[1]"
CPSF1,ENSG00000071894,"mRNA","MMS1_N[1],CPSF_A[1]"
DDX1,ENSG00000079785,"mRNA","Helicase_C[1],DEAD[1]"
DDX3X,ENSG00000215301,"mRNA","Helicase_C[1],DEAD[1]"
DDX3Y,ENSG00000067048,"mRNA","Helicase_C[1],DEAD[1]"
DDX4,ENSG00000152670,"mRNA","Helicase_C[1],DEAD[1]"
NOP56,ENSG00000101361,"snoRNA","NOP5NT[1],Nop[1],NOSIC[1]"
RPS20,ENSG00000008988,"ribosome","Ribosomal_S10[1]"
MPHOSPH10,ENSG00000124383,"snoRNA","Mpp10[1]"
MRM1,ENSG00000129282,"rRNA","SpoU_methylase[1],SpoU_sub_bind[1]"
DXO,ENSG00000236765,"diverse","RAI1[1]"
DENR,ENSG00000139726,"mRNA","SUI1[1]"
RPL21,ENSG00000122026,"ribosome","Ribosomal_L21e[1]"
RPS10,ENSG00000124614,"ribosome","S10_plectin[1]"
NAT10,ENSG00000135372,"rRNA","tRNA_bind_2[1],Helicase_RecD[1],GNAT_acetyltr_2[1],DUF1726[1]"
UTP18,ENSG00000011260,"snoRNA","Cytochrom_D1[1]"
NOL12,ENSG00000100101,"rRNA","Nop25[1]"
DDX31,ENSG00000125485,"rRNA","DUF4217[1],Helicase_C[1],DEAD[1]"
ABCF1,ENSG00000225989,"mRNA","ABC_tran_2[1],ABC_tran[2]"
DNMT1,ENSG00000130816,"ncRNA","DNA_methylase[1],BAH[2],DNMT1-RFD[1],DMAP_binding[1],zf-CXXC[1]"
SNRPA1,ENSG00000131876,"snRNA","LRR_9[1]"
API5,ENSG00000166181,"mRNA","API5[1]"
SHQ1,ENSG00000144736,"snoRNA","SHQ1[1]"
AKAP1,ENSG00000121057,"mRNA","TUDOR[1],KH_1[1],DUF3552[1]"
FTO,ENSG00000140718,"mRNA","FTO_CTD[1],FTO_NTD[1]"
PUF60,ENSG00000179950,"mRNA","RRM_5[1],RRM_1[2]"
SAMHD1,ENSG00000101347,"diverse","SAM_2[1],HD[1]"
RBM45,ENSG00000155636,"mRNA","RRM_5[1],RRM_1[3]"
FAM98B,ENSG00000171262,"tRNA","DUF2465[1]"
FAM98A,ENSG00000119812,"mRNA","DUF2465[1]"
FAM98C,ENSG00000130244,"unknown","DUF2465[2]"
PCF11,ENSG00000165494,"mRNA","CTD_bind[1]"
EIF5,ENSG00000100664,"mRNA","eIF-5_eIF-2B[1],W2[1]"
ZC3HC1,ENSG00000091732,"unknown","zf-C3HC[1],Rsm1[2]"
HNRNPC,ENSG00000092199,"mRNA","RRM_1[1]"
HNRNPCL1,ENSG00000179172,"mRNA","RRM_1[1]"
RALY,ENSG00000125970,"mRNA","RRM_1[1]"
RALYL,ENSG00000184672,"mRNA","RRM_1[1]"
SEPSECS,ENSG00000109618,"tRNA","SLA_LP_auto_ag[1]"
NPM1,ENSG00000181163,"rRNA","Nucleoplasmin[1]"
NPM3,ENSG00000107833,"rRNA","Nucleoplasmin[1]"
NPM2,ENSG00000158806,"rRNA","Nucleoplasmin[1]"
NUPL2,ENSG00000136243,"mRNA","zf-CCCH[1]"
MRPS14,ENSG00000120333,"ribosome","Ribosomal_S14[1]"
SF3A1,ENSG00000099995,"snRNA","ubiquitin[1],PRP21_like_P[1],Surp[2]"
EIF3A,ENSG00000107581,"mRNA","PCI[1]"
FASTKD5,ENSG00000215251,"mRNA","FAST_1[1],FAST_2[1],RAP[1]"
TDRD3,ENSG00000083544,"mRNA","TUDOR[1],DUF1767[1],UBA[1]"
SNRPB,ENSG00000125835,"snRNA","LSM[1]"
SNRPN,ENSG00000128739,"snRNA","LSM[1]"
YRDC,ENSG00000196449,"tRNA","Sua5_yciO_yrdC[1]"
POLR2K,ENSG00000147669,"mRNA","DNA_RNApol_7kD[1]"
ERN2,ENSG00000134398,"mRNA","PQQ_2[1],Pkinase[1],Ribonuc_2-5A[1]"
ERN1,ENSG00000178607,"mRNA","PQQ_2[1],Pkinase[1],Ribonuc_2-5A[1]"
RPL5,ENSG00000122406,"ribosome","Ribosomal_L18p[1],Ribosomal_L18_c[1]"
RPS17,ENSG00000184779,"ribosome","Ribosomal_S17e[1]"
RPS17L,ENSG00000182774,"ribosome","Ribosomal_S17e[1]"
DARS,ENSG00000115866,"tRNA","tRNA-synt_2[1],tRNA_anti-codon[1]"
IPO7,ENSG00000205339,"mRNA","Cse1[1],IBN_N[1]"
IPO8,ENSG00000133704,"ncRNA","Cse1[1],IBN_N[1]"
SMN1,ENSG00000172062,"snRNA","SMN[1]"
SMN2,ENSG00000205571,"snRNA","SMN[1]"
GTPBP4,ENSG00000107937,"rRNA","NOG1[1],NOGCT[1]"
MRPL13,ENSG00000172172,"ribosome","Ribosomal_L13[1]"
MRPL46,ENSG00000259494,"ribosome","MRP-L46[1]"
LSM5,ENSG00000106355,"snRNA","LSM[1]"
EIF4G3,ENSG00000075151,"mRNA","MIF4G[1],MA3[1],W2[1]"
EIF4G1,ENSG00000114867,"mRNA","MIF4G[1],MA3[1],W2[1]"
EIF4G2,ENSG00000110321,"mRNA","MIF4G[1],MA3[1],W2[1]"
GTF2F1,ENSG00000125651,"mRNA","TFIIF_alpha[1]"
RPS15A,ENSG00000134419,"ribosome","Ribosomal_S8[1]"
PIH1D2,ENSG00000262740,"unknown","PIH1[1]"
TTF2,ENSG00000116830,"mRNA","zf-GRF[1],Helicase_C[1],SNF2_N[1]"
PUS3,ENSG00000110060,"tRNA","PseudoU_synth_1[2]"
RBM7,ENSG00000076053,"mRNA","RRM_1[1]"
RBM11,ENSG00000185272,"mRNA","RRM_1[1]"
TSEN2,ENSG00000154743,"tRNA","tRNA_int_endo[1],tRNA_int_endo_N[1]"
RBM42,ENSG00000126254,"mRNA","RRM_1[1]"
UTP3,ENSG00000132467,"snoRNA","Sas10_Utp3[1],Sas10[1]"
HNRNPL,ENSG00000104824,"mRNA","RRM_5[3]"
HNRNPLL,ENSG00000143889,"mRNA","RRM_5[2],RRM_6[1]"
PTBP1,ENSG00000011304,"mRNA","RRM_5[3],RRM_6[1]"
PTBP2,ENSG00000117569,"mRNA","RRM_5[3],RRM_6[1]"
PTBP3,ENSG00000119314,"mRNA","RRM_5[2],RRM_1[1],RRM_6[1]"
SYMPK,ENSG00000125755,"mRNA","DUF3453[1],Cohesin_HEAT[1],Symplekin_C[1]"
POLR2F,ENSG00000100142,"mRNA","RNA_pol_Rpb6[1]"
TSR2,ENSG00000158526,"rRNA","WGG[1]"
KIAA0391,ENSG00000100890,"ncRNA","RNase_Zc3h12a[1]"
POLR2G,ENSG00000168002,"mRNA","S1[1],SHS2_Rpb7-N[1]"
WDR5,ENSG00000196363,"ncRNA","WD40[7]"
SNRNP40,ENSG00000060688,"snRNA","WD40[7]"
WDR83,ENSG00000123154,"mRNA","WD40[3]"
ZFC3H1,ENSG00000133858,"unknown","TPR_19[2],zf-C3H1[1]"
RPL15,ENSG00000174748,"ribosome","Ribosomal_L15e[1]"
SNRNP35,ENSG00000184209,"snRNA","RRM_1[1]"
SNRNP70,ENSG00000104852,"snRNA","RRM_1[1],U1snRNP70_N[1]"
MRPL39,ENSG00000154719,"ribosome","TGS[1]"
TLR7,ENSG00000196664,"ncRNA","TIR[1],LRR_8[7],LRR_4[1]"
TLR8,ENSG00000101916,"ncRNA","TIR[1],LRR_8[6],LRR_4[2]"
TLR3,ENSG00000164342,"ncRNA","TIR[1],LRR_8[7],LRRNT[1]"
NAA38,ENSG00000128534,"snoRNA","LSM[1]"
PRPF31,ENSG00000105618,"snRNA","Nop[1],Prp31_C[1],NOSIC[1]"
MRPL55,ENSG00000162910,"ribosome","Mitoc_L55[1]"
TRMT2A,ENSG00000099899,"tRNA","tRNA_U5-meth_tr[1],RRM_6[1]"
TRMT2B,ENSG00000188917,"tRNA","Methyltransf_31[1]"
RPS3A,ENSG00000145425,"ribosome","Ribosomal_S3Ae[1]"
BRCA1,ENSG00000012048,"ncRNA","BRCT[2],EIN3[1],zf-C3HC4[1],BRCT_assoc[1]"
RIOK2,ENSG00000058729,"rRNA","Rio2_N[1],RIO1[1]"
DHX16,ENSG00000206486,"snRNA","OB_NTP_bind[1],HA2[1],Helicase_C[1],DEAD[1]"
DHX33,ENSG00000005100,"mRNA","OB_NTP_bind[1],HA2[1],Helicase_C[1],DEAD[1]"
DHX35,ENSG00000101452,"mRNA","OB_NTP_bind[1],HA2[1],Helicase_C[1],DEAD[1]"
DHX32,ENSG00000089876,"mRNA","OB_NTP_bind[1],HA2[1]"
DQX1,ENSG00000144045,"mRNA","OB_NTP_bind[1],HA2[1],AAA_22[1]"
DHX15,ENSG00000109606,"mRNA","OB_NTP_bind[1],DUF1777[1],HA2[1],Helicase_C[1],DEAD[1]"
DHX8,ENSG00000067596,"mRNA","OB_NTP_bind[1],S1[1],Helicase_C[1],DEAD[1]"
MRPS5,ENSG00000144029,"ribosome","Ribosomal_S5[1],Ribosomal_S5_C[1]"
SAP18,ENSG00000150459,"mRNA","SAP18[1]"
TUFM,ENSG00000178952,"mRNA","GTP_EFTU_D2[1],GTP_EFTU_D3[1],GTP_EFTU[1]"
EEFSEC,ENSG00000132394,"tRNA","GTP_EFTU_D2[1],GTP_EFTU[1]"
TDRD12,ENSG00000173809,"ncRNA","TUDOR[2],DEAD[1]"
SKIV2L2,ENSG00000039123,"diverse","Helicase_C[1],rRNA_proc-arch[1],DSHCT[1],DEAD[1]"
TRDMT1,ENSG00000107614,"tRNA","DNA_methylase[1]"
ZNF473,ENSG00000142528,"snRNA","zf-C2H2_4[1],KRAB[1],zf-H2C2_2[13],zf-C2H2[3]"
FCF1,ENSG00000119616,"rRNA","Fcf1[1]"
URB1,ENSG00000142207,"rRNA","Npa1[1]"
CARS,ENSG00000110619,"tRNA","tRNA-synt_1e[1]"
CARS2,ENSG00000134905,"tRNA","tRNA-synt_1e[1]"
CELF1,ENSG00000149187,"mRNA","RRM_1[3]"
CELF2,ENSG00000048740,"mRNA","RRM_1[3]"
CELF3,ENSG00000159409,"mRNA","RRM_1[3]"
CELF4,ENSG00000101489,"mRNA","RRM_5[1],RRM_1[2]"
CELF5,ENSG00000161082,"mRNA","RRM_1[3]"
CELF6,ENSG00000140488,"mRNA","RRM_1[3]"
XPO1,ENSG00000082898,"mRNA","IBN_N[1],Xpo1[1],CRM1_C[1]"
DDX17,ENSG00000100201,"mRNA","Helicase_C[1],DEAD[1]"
DDX46,ENSG00000145833,"snRNA","Helicase_C[1],DEAD[1]"
DDX5,ENSG00000263077,"mRNA","P68HR[2],Helicase_C[1],DEAD[1]"
DDX42,ENSG00000198231,"mRNA","Helicase_C[1],DEAD[1]"
DDX43,ENSG00000080007,"mRNA","Helicase_C[1],DEAD[1],KH_1[1]"
DDX53,ENSG00000184735,"mRNA","Helicase_C[1],DEAD[1],KH_1[1]"
FIP1L1,ENSG00000145216,"mRNA","Fip1[1],Pkinase_Tyr[1]"
MRPL14,ENSG00000180992,"ribosome","Ribosomal_L14[1]"
TXNL4A,ENSG00000141759,"snRNA","DIM1[1]"
TXNL4B,ENSG00000140830,"snRNA","DIM1[1]"
RBM39,ENSG00000131051,"mRNA","RRM_5[1],RRM_1[2],RBM39linker[1]"
RBM23,ENSG00000100461,"mRNA","RRM_1[2],RBM39linker[1]"
CPEB1,ENSG00000214575,"mRNA","RRM_1[1],RRM_6[1]"
CPEB2,ENSG00000137449,"mRNA","RRM_1[1]"
CPEB3,ENSG00000107864,"mRNA","RRM_1[1]"
CPEB4,ENSG00000113742,"mRNA","RRM_1[1]"
INTS9,ENSG00000104299,"snRNA","Beta-Casp[1]"
CACTIN,ENSG00000105298,"mRNA","CactinC_cactus[1],Cactin_mid[1]"
MPHOSPH6,ENSG00000135698,"rRNA","MPP6[1]"
RPL34,ENSG00000109475,"ribosome","Ribosomal_L34e[1]"
OBFC1,ENSG00000107960,"unknown","STN1_2[1],tRNA_anti-codon[1]"
RPS12,ENSG00000112306,"ribosome","Ribosomal_L7Ae[1]"
PRPF8,ENSG00000174231,"snRNA","PROCN[1],RRM_4[1],U6-snRNA_bdg[1],PROCT[1],PRO8NT[1],PRP8_domainIV[1],U5_2-snRNA_bdg[1],JAB[1]"
SECISBP2L,ENSG00000138593,"mRNA","Ribosomal_L7Ae[1]"
SECISBP2,ENSG00000187742,"mRNA","Ribosomal_L7Ae[1]"
RPUSD3,ENSG00000156990,"mRNA","PseudoU_synth_2[1]"
RPUSD4,ENSG00000165526,"mRNA","PseudoU_synth_2[1]"
DDX6,ENSG00000269612,"mRNA","Helicase_C[1],DEAD[1]"
RPL28,ENSG00000108107,"ribosome","Ribosomal_L28e[1]"
ELAC1,ENSG00000141642,"tRNA","Lactamase_B[1]"
NOM1,ENSG00000146909,"rRNA","MIF4G[1],MA3[1]"
TROVE2,ENSG00000116747,"ncRNA","DUF2201[1],TROVE[1]"
EEF1E1,ENSG00000124802,"tRNA","GST_C_3[1]"
TARSL2,ENSG00000185418,"tRNA","tRNA-synt_2b[1],TGS[1],HGTP_anticodon[1],tRNA_SAD[1]"
TARS,ENSG00000113407,"tRNA","tRNA-synt_2b[1],TGS[2],HGTP_anticodon[1],tRNA_SAD[1]"
TARS2,ENSG00000143374,"tRNA","tRNA-synt_2b[1],TGS[1],HGTP_anticodon[1],tRNA_SAD[1]"
IARS,ENSG00000196305,"tRNA","Anticodon_1[1],tRNA-synt_1[1]"
RPL18A,ENSG00000105640,"ribosome","Ribosomal_L18ae[1]"
ESF1,ENSG00000089048,"rRNA","NUC153[1]"
EEF2,ENSG00000167658,"tRNA","EFG_C[1],GTP_EFTU_D2[1],EFG_IV[1],EFG_II[1],GTP_EFTU[1]"
EFTUD2,ENSG00000108883,"tRNA","EFG_C[1],GTP_EFTU_D2[1],EFG_IV[1],EFG_II[1],GTP_EFTU[1]"
DDX60,ENSG00000137628,"ncRNA","Helicase_C[1],DEAD[1]"
DDX60L,ENSG00000181381,"ncRNA","Helicase_C[1],DEAD[1]"
MRPL2,ENSG00000112651,"ribosome","Ribosomal_L2_C[1],Ribosomal_L2[1]"
SLC4A1AP,ENSG00000163798,"unknown","FHA[1],dsrm[1]"
MAZ,ENSG00000103495,"unknown","zf-C2H2_4[1],zf-H2C2_2[1],zf-C2H2[1]"
EIF2S3L,ENSG00000180574,"tRNA","GTP_EFTU_D2[1],eIF2_C[1],GTP_EFTU[1]"
EIF2S3,ENSG00000130741,"tRNA","GTP_EFTU_D2[1],eIF2_C[1],GTP_EFTU[1]"
AIMP1,ENSG00000164022,"tRNA","tRNA_bind[1],NUDE_C[1]"
APEX1,ENSG00000100823,"mRNA","Exo_endo_phos[1]"
EIF3J,ENSG00000104131,"mRNA","eIF3_subunit[1]"
PABPC3,ENSG00000151846,"mRNA","RRM_1[4],PABP[1]"
PABPC1L,ENSG00000101104,"mRNA","RRM_1[4],PABP[1]"
PABPC1L2A,ENSG00000268574,"mRNA","RRM_1[2]"
PABPC1L2B,ENSG00000267891,"mRNA","RRM_1[2]"
PABPC4L,ENSG00000254535,"mRNA","RRM_1[4]"
PABPC5,ENSG00000174740,"mRNA","RRM_1[4]"
PABPC4,ENSG00000090621,"mRNA","RRM_1[4],PABP[1]"
PABPC1,ENSG00000070756,"mRNA","RRM_1[4],PABP[1]"
MEX3A,ENSG00000254726,"mRNA","KH_1[2],zf-C3HC4_3[1]"
MEX3B,ENSG00000183496,"mRNA","KH_1[2],zf-C3HC4_3[1]"
MEX3C,ENSG00000176624,"mRNA","KH_1[2],zf-C3HC4_3[1]"
MEX3D,ENSG00000181588,"mRNA","KH_1[2],zf-C3HC4_3[1]"
GEMIN7,ENSG00000142252,"snRNA","SUZ-C[1],Gemin7[1]"
MRPS23,ENSG00000181610,"ribosome","MRP-S23[1]"
PSIP1,ENSG00000164985,"mRNA","LEDGF[1],PWWP[1]"
SRP54,ENSG00000100883,"ncRNA","SRP_SPB[1],SRP54[1],SRP54_N[1]"
FARSB,ENSG00000116120,"tRNA","B3_4[1],B5[1]"
SPEN,ENSG00000065526,"mRNA","RRM_5[1],RRM_1[3],SPOC[1]"
RBM15B,ENSG00000179837,"mRNA","RRM_5[1],RRM_1[2],SPOC[1]"
RBM15,ENSG00000162775,"mRNA","RRM_5[2],RRM_1[1],SPOC[1]"
DNAAF2,ENSG00000165506,"unknown","PIH1[1]"
SF3B1,ENSG00000115524,"mRNA","HEAT_2[1],SF3b1[1]"
RNASEH2B,ENSG00000136104,"diverse","RNase_H2-Ydr279[1]"
FARSA,ENSG00000179115,"tRNA","MarR_2[1],tRNA-synt_2d[1]"
NOB1,ENSG00000141101,"rRNA","AF1Q[1],NOB1_Zn_bind[1]"
EIF2A,ENSG00000144895,"tRNA","eIF2A[1]"
RNASEL,ENSG00000135828,"ncRNA","Ank_2[2],Pkinase[1],Ank_5[1],Ribonuc_2-5A[1],Ank_4[1]"
TRNT1,ENSG00000072756,"tRNA","PolyA_pol[1],PolyA_pol_RNAbd[1]"
EIF4ENIF1,ENSG00000184708,"mRNA","EIF4E-T[1]"
MECP2,ENSG00000169057,"mRNA","MBD[1]"
RBM22,ENSG00000086589,"mRNA","FYVE[1],RRM_1[1],zf-CCCH[1]"
CMTR1,ENSG00000137200,"mRNA","G-patch[1],FtsJ[1]"
RPL39,ENSG00000198918,"ribosome","Ribosomal_L39[1]"
RPL39L,ENSG00000163923,"ribosome","Ribosomal_L39[1]"
RPSA,ENSG00000168028,"ribosome","Ribosomal_S2[1]"
PARP4,ENSG00000102699,"ncRNA","BRCT[1],VWA_3[1],PARP_reg[1],VIT[1],PARP[1]"
CSTF1,ENSG00000101138,"mRNA","WD40[4]"
NCBP1,ENSG00000136937,"mRNA","MIF4G_like_2[1],MIF4G[1],MIF4G_like[1]"
SNRNP25,ENSG00000161981,"snRNA","."
DNAJC21,ENSG00000168724,"unknown","zf-C2H2_jaz[1],DnaJ[1],zf-C2H2_2[1]"
CWC22,ENSG00000163510,"mRNA","MIF4G[1],MA3[1],CAF-1_p150[1]"
NFX1,ENSG00000086102,"mRNA","R3H[1],zf-NF-X1[7]"
MRPS31,ENSG00000102738,"ribosome","MRP-S31[1]"
SMG5,ENSG00000198952,"mRNA","PIN_4[1],EST1_DNA_bind[2],EST1[1]"
SART1,ENSG00000175467,"snRNA","SART-1[1]"
GEMIN2,ENSG00000092208,"snRNA","SIP1[1]"
NR0B1,ENSG00000169297,"mRNA","Hormone_recep[1],NR_Repeat[4]"
DCP2,ENSG00000172795,"mRNA","DCP2[1],NUDIX[1]"
TAF15,ENSG00000172660,"mRNA","zf-RanBP[1],RRM_1[1]"
EWSR1,ENSG00000182944,"mRNA","zf-RanBP[1],RRM_6[1]"
FUS,ENSG00000089280,"mRNA","zf-RanBP[1],RRM_1[1]"
EDC4,ENSG00000038358,"mRNA","WD40[1]"
FBLL1,ENSG00000188573,"snoRNA","Fibrillarin[1]"
FBL,ENSG00000105202,"snoRNA","Fibrillarin[1]"
MRPS27,ENSG00000113048,"ribosome","MRP-S27[1]"
ALKBH1,ENSG00000100601,"mRNA","2OG-FeII_Oxy_2[1]"
ZCCHC17,ENSG00000121766,"unknown","S1[1]"
MRPL49,ENSG00000149792,"ribosome","Img2[1]"
RPL18,ENSG00000063177,"ribosome","Ribosomal_L18e[1]"
RPS4X,ENSG00000198034,"ribosome","KOW[1],Ribosomal_S4e[1],RS4NT[1],S4[1]"
RPS4Y1,ENSG00000129824,"ribosome","KOW[1],Ribosomal_S4e[1],RS4NT[1],S4[1]"
RPS4Y2,ENSG00000157828,"ribosome","KOW[1],Ribosomal_S4e[1],RS4NT[1]"
NOP14,ENSG00000087269,"rRNA","Nop14[1]"
KRR1,ENSG00000111615,"snoRNA","KH_1[1]"
NCL,ENSG00000115053,"snoRNA","RRM_1[4]"
PRPF18,ENSG00000165630,"mRNA","PRP4[1],Prp18[1]"
C1D,ENSG00000197223,"rRNA","Sas10_Utp3[1]"
ADAT3,ENSG00000213638,"tRNA","dCMP_cyt_deam_1[1]"
UTP20,ENSG00000120800,"snoRNA","DRIM[1]"
SNIP1,ENSG00000163877,"ncRNA","FHA[1]"
GUF1,ENSG00000151806,"mRNA","EFG_C[1],GTP_EFTU_D2[1],LepA_C[1],EFG_II[1],GTP_EFTU[1]"
GCFC2,ENSG00000005436,"mRNA","GCFC[1]"
UTP6,ENSG00000108651,"snoRNA","U3_assoc_6[1]"
SRSF1,ENSG00000136450,"mRNA","RRM_1[2]"
SRSF3,ENSG00000112081,"mRNA","RRM_1[1]"
SRSF4,ENSG00000116350,"mRNA","RRM_1[2]"
SRSF5,ENSG00000100650,"mRNA","RRM_1[2]"
SRSF6,ENSG00000124193,"mRNA","RRM_1[2]"
SRSF7,ENSG00000115875,"mRNA","RRM_1[1],zf-CCHC[1]"
SRSF9,ENSG00000111786,"mRNA","RRM_1[2]"
USB1,ENSG00000103005,"snRNA","HVSL[1]"
NOL6,ENSG00000165271,"rRNA","Nrap[1]"
PPIE,ENSG00000084072,"mRNA","RRM_1[1],Pro_isomerase[1]"
RRBP1,ENSG00000125844,"mRNA","Rib_recp_KP_reg[1],IncA[1]"
SUZ12,ENSG00000178691,"ncRNA","VEFS-Box[1]"
TERT,ENSG00000164362,"ncRNA","Telomerase_RBD[1],RVT_1[1]"
MSL3,ENSG00000005302,"ncRNA","Tudor-knot[1],MRG[1]"
BICC1,ENSG00000122870,"mRNA","SAM_1[1],KH_1[3]"
MRPS16,ENSG00000182180,"ribosome","Ribosomal_S16[1]"
RBMX2,ENSG00000134597,"mRNA","RRM_1[1]"
MRPL40,ENSG00000185608,"ribosome","MRP-L28[1]"
ISG20,ENSG00000172183,"ncRNA","RNase_T[1]"
ISG20L2,ENSG00000143319,"rRNA","RNase_T[1]"
AEN,ENSG00000181026,"diverse","RNase_T[1]"
REXO4,ENSG00000148300,"rRNA","RNase_T[1]"
TGS1,ENSG00000137574,"snRNA","Methyltransf_15[1]"
ZC3H4,ENSG00000130749,"unknown","zf-CCCH[3]"
ZC3H6,ENSG00000188177,"unknown","zf-CCCH[2]"
ZC3H8,ENSG00000144161,"unknown","zf-CCCH[2]"
RPL27A,ENSG00000166441,"ribosome","Ribosomal_L18e[1]"
RPS19,ENSG00000105372,"ribosome","Ribosomal_S19e[1]"
SYF2,ENSG00000117614,"mRNA","SYF2[1]"
TFB1M,ENSG00000029639,"rRNA","RrnaAD[1]"
DIMT1,ENSG00000086189,"rRNA","RrnaAD[1]"
TSEN34,ENSG00000170892,"tRNA","tRNA_int_endo[1]"
DCAF13,ENSG00000164934,"rRNA","Sof1[1],WD40[4]"
RPL9,ENSG00000163682,"ribosome","Ribosomal_L6[2]"
ARHGEF28,ENSG00000214944,"mRNA","PH[1],RhoGEF[1],C1_1[1]"
AC004381.6,ENSG00000005189,"rRNA","RRM_1[2],RNase_T[1]"
EIF4H,ENSG00000263344,"mRNA","RRM_1[1]"
EIF4B,ENSG00000063046,"mRNA","RRM_1[1]"
DDX54,ENSG00000123064,"rRNA","Helicase_C[1],DBP10CT[1],DEAD[1]"
MRPS36,ENSG00000134056,"ribosome","DUF2638[1]"
PRPF40A,ENSG00000196504,"snRNA","FF[5],WW[2]"
PRPF40B,ENSG00000110844,"snRNA","FF[3],WW[2]"
EIF3L,ENSG00000100129,"mRNA","Paf67[1]"
NOL8,ENSG00000198000,"rRNA","RRM_6[1]"
MTO1,ENSG00000135297,"tRNA","GIDA_assoc_3[1],GIDA[1]"
PSMA1,ENSG00000129084,"unknown","Proteasome[1],Proteasome_A_N[1]"
HTATSF1,ENSG00000102241,"mRNA","RRM_5[1],RRM_1[1]"
FTSJ1,ENSG00000269875,"tRNA","FtsJ[1]"
LAS1L,ENSG00000001497,"rRNA","Las1[1]"
POP1,ENSG00000104356,"ncRNA","POPLD[1],POP1[1]"
DZIP3,ENSG00000198919,"mRNA","zf-RING_2[1]"
DGCR14,ENSG00000100056,"mRNA","Es2[1]"
CDK9,ENSG00000136807,"ncRNA","Pkinase[1]"
PAN3,ENSG00000152520,"mRNA","Pkinase[1],zf-CCCH[1]"
RPL29,ENSG00000162244,"ribosome","Ribosomal_L29e[1]"
DCPS,ENSG00000110063,"mRNA","DcpS[1],DcpS_C[1]"
MRP63,ENSG00000173141,"ribosome","MRP-63[1]"
MRPL27,ENSG00000108826,"ribosome","Ribosomal_L27[1]"
POLR2H,ENSG00000163882,"mRNA","RNA_pol_Rpb8[1]"
ZNF239,ENSG00000196793,"unknown","zf-H2C2_2[9]"
XRN1,ENSG00000114127,"diverse","XRN_N[1]"
ZFR,ENSG00000056097,"unknown","zf-met[3],DZF[1]"
ZFR2,ENSG00000105278,"unknown","zf-C2H2_jaz[1],zf-met[2],DZF[1]"
AGFG1,ENSG00000173744,"mRNA","ArfGap[1]"
NSA2,ENSG00000164346,"rRNA","Ribosomal_S8e[1]"
DDX10,ENSG00000178105,"rRNA","DUF4217[1],Helicase_C[1],Nop25[1],DEAD[1]"
TBL3,ENSG00000183751,"snoRNA","Utp13[1],WD40[8]"
INTS2,ENSG00000108506,"snRNA","INTS2[1]"
YBX1,ENSG00000065978,"mRNA","CSD[1]"
YBX2,ENSG00000006047,"mRNA","CSD[1]"
YBX3,ENSG00000060138,"mRNA","CSD[1]"
SURF6,ENSG00000261306,"rRNA","SURF6[1]"
THOC6,ENSG00000131652,"mRNA","WD40[1]"
EIF3I,ENSG00000084623,"mRNA","WD40[4]"
STRAP,ENSG00000023734,"mRNA","WD40[5]"
RPL13,ENSG00000167526,"ribosome","Ribosomal_L13e[1]"
RRP12,ENSG00000052749,"rRNA","NUC173[1]"
MRPS2,ENSG00000122140,"ribosome","Ribosomal_S2[1]"
ZCCHC8,ENSG00000033030,"mRNA","zf-CCHC[1],PSP[1]"
EFTUD1,ENSG00000140598,"tRNA","EFG_C[1],GTP_EFTU_D2[1],EFG_II[1],GTP_EFTU[1]"
RPL35,ENSG00000136942,"ribosome","Ribosomal_L29[1]"
NSRP1,ENSG00000126653,"mRNA","DUF2040[1]"
RPUSD2,ENSG00000166133,"tRNA","PseudoU_synth_2[1]"
BCDIN3D,ENSG00000186666,"ncRNA","Bin3[1]"
THUMPD1,ENSG00000066654,"tRNA","THUMP[1]"
TRIM21,ENSG00000132109,"ncRNA","SPRY[1],PRY[1],zf-C3HC4_4[1],zf-B_box[1]"
RANBP17,ENSG00000204764,"mRNA","IBN_N[1],CRM1_C[1]"
XPO7,ENSG00000130227,"mRNA","IBN_N[1],CRM1_C[1]"
TRMT12,ENSG00000183665,"tRNA","Met_10[1]"
ACIN1,ENSG00000100813,"mRNA","SAP[1],RRM_5[1]"
ZNF385A,ENSG00000161642,"mRNA","GVQW[1],zf-met[2]"
RPL23,ENSG00000125691,"ribosome","Ribosomal_L14[1]"
EED,ENSG00000074266,"ncRNA","WD40[1]"
DNTTIP2,ENSG00000067334,"rRNA","Fcf2[1]"
SBDS,ENSG00000126524,"rRNA","SBDS_C[1],SBDS[1]"
DDX51,ENSG00000185163,"rRNA","Helicase_C[1],DEAD[1]"
RBM18,ENSG00000119446,"mRNA","RRM_1[1]"
IPO11,ENSG00000086200,"mRNA","IBN_N[1],Xpo1[1]"
RPL22,ENSG00000116251,"ribosome","Ribosomal_L22e[1]"
RPL22L1,ENSG00000163584,"ribosome","Ribosomal_L22e[1]"
LCMT2,ENSG00000168806,"tRNA","Kelch_6[2],LCM[1]"
ZC3H11A,ENSG00000058673,"unknown","zf-CCCH_2[1]"
FYTTD1,ENSG00000122068,"mRNA","FYTT[1]"
RNPS1,ENSG00000205937,"mRNA","RRM_1[1]"
RPS23,ENSG00000186468,"ribosome","Ribosom_S12_S23[1]"
RNASEH2A,ENSG00000104889,"diverse","RNase_HII[1]"
FRG1B,ENSG00000149531,"mRNA","FRG1[1]"
FRG1,ENSG00000260380,"mRNA","FRG1[1]"
NOL7,ENSG00000225921,"unknown","NUC129[1]"
PRPF38A,ENSG00000134748,"snRNA","PRP38_assoc[1],PRP38[1]"
RBM41,ENSG00000089682,"mRNA","RRM_1[1]"
RBM12,ENSG00000244462,"mRNA","RRM_1[1],RRM_6[4]"
RBM12B,ENSG00000183808,"mRNA","RRM_6[5]"
ESRP1,ENSG00000104413,"mRNA","RRM_6[3]"
ESRP2,ENSG00000103067,"mRNA","RRM_6[3]"
HNRNPF,ENSG00000169813,"mRNA","zf-RNPHF[1],RRM_1[1],RRM_6[2]"
HNRNPH1,ENSG00000169045,"mRNA","zf-RNPHF[1],RRM_6[3]"
HNRNPH2,ENSG00000126945,"mRNA","zf-RNPHF[1],RRM_6[3]"
HNRNPH3,ENSG00000096746,"mRNA","RRM_6[2]"
GRSF1,ENSG00000132463,"mRNA","RRM_6[3]"
RNH1,ENSG00000023191,"diverse","LRR_8[1],LRR_4[1]"
NOL9,ENSG00000162408,"rRNA","Clp1[1]"
SRFBP1,ENSG00000151304,"rRNA","BUD22[1]"
ARL6IP4,ENSG00000182196,"mRNA","SR-25[1]"
RPP40,ENSG00000124787,"ncRNA","Ribonuc_P_40[1]"
ALKBH5,ENSG00000091542,"mRNA","2OG-FeII_Oxy_2[1]"
SMG7,ENSG00000116698,"mRNA","EST1_DNA_bind[1]"
PDE12,ENSG00000174840,"mRNA","Exo_endo_phos[1]"
CCRN4L,ENSG00000151014,"mRNA","Exo_endo_phos[1]"
ANGEL1,ENSG00000013523,"mRNA","Exo_endo_phos[1]"
ANGEL2,ENSG00000174606,"mRNA","Exo_endo_phos[1]"
CNOT6,ENSG00000113300,"mRNA","LRR_8[1],Exo_endo_phos[1]"
CNOT6L,ENSG00000138767,"mRNA","LRR_8[1],Exo_endo_phos[1]"
PDCD11,ENSG00000148843,"snoRNA","S1[5],Suf[1]"
RPL35A,ENSG00000182899,"ribosome","Ribosomal_L35Ae[1]"
MRPL21,ENSG00000197345,"ribosome","Ribosomal_L21p[1]"
SMG6,ENSG00000070366,"mRNA","PIN_4[1],EST1[1],EST1_DNA_bind[1]"
PRPF19,ENSG00000110107,"mRNA","Prp19[1],U-box[1],WD40[4]"
PRPF4,ENSG00000136875,"snRNA","PRP4[1],WD40[7]"
INTS4,ENSG00000149262,"snRNA","HEAT_2[2]"
SRPK2,ENSG00000135250,"mRNA","Pkinase[2]"
SUPV3L1,ENSG00000156502,"mRNA","Helicase_C[1],SUV3_C[1]"
RBM17,ENSG00000134453,"mRNA","G-patch[1],RRM_5[1]"
NAF1,ENSG00000145414,"snoRNA","Gar1[1]"
YARS,ENSG00000134684,"tRNA","tRNA_bind[1],tRNA-synt_1b[1]"
LRRFIP1,ENSG00000124831,"ncRNA","DUF2051[3]"
LRRFIP2,ENSG00000093167,"ncRNA","DUF2051[2],TPR_MLP1_2[1]"
EIF4E2,ENSG00000135930,"mRNA","IF4E[1]"
EIF4E1B,ENSG00000175766,"mRNA","IF4E[1]"
EIF4E3,ENSG00000163412,"mRNA","IF4E[1]"
EIF4E,ENSG00000151247,"mRNA","IF4E[2]"
BUD13,ENSG00000137656,"mRNA","Bud13[1]"
CTU1,ENSG00000142544,"tRNA","ATP_bind_3[1]"
GTPBP1,ENSG00000100226,"mRNA","GTP_EFTU_D2[1],GTP_EFTU_D3[1],GTP_EFTU[1]"
GTPBP2,ENSG00000172432,"mRNA","GTP_EFTU_D2[1],GTP_EFTU_D3[1],GTP_EFTU[1]"
MTERFD2,ENSG00000122085,"rRNA","mTERF[1]"
SRPR,ENSG00000182934,"ncRNA","SRP-alpha_N[1],SRP54[1],SRP54_N[1]"
DDX50,ENSG00000107625,"rRNA","Helicase_C[1],DEAD[1],GUCT[1]"
DDX21,ENSG00000165732,"rRNA","Helicase_C[1],DEAD[1],GUCT[1]"
ZCRB1,ENSG00000139168,"snRNA","RRM_1[1],zf-CCHC[1]"
RPL13A,ENSG00000142541,"ribosome","Ribosomal_L13[1]"
SRA1,ENSG00000213523,"ncRNA","SRA1[1]"
PAPOLB,ENSG00000218823,"mRNA","PAP_RNA-bind[1],PAP_central[1]"
PAPOLG,ENSG00000115421,"mRNA","PAP_RNA-bind[1],PAP_central[1]"
PAPOLA,ENSG00000090060,"mRNA","PAP_RNA-bind[1],PAP_central[1]"
RPL41,ENSG00000229117,"ribosome","Ribosomal_L41[1]"
ZNF768,ENSG00000169957,"unknown","zf-H2C2_2[7],zf-C2H2[1]"
SCAF1,ENSG00000126461,"mRNA","."
MRPS15,ENSG00000116898,"ribosome","Ribosomal_S15[1]"
RNASET2,ENSG00000026297,"diverse","Ribonuclease_T2[1]"
EIF2B1,ENSG00000111361,"mRNA","IF-2B[1]"
RPL36A,ENSG00000269315,"ribosome","Ribosomal_L44[1]"
RPL36AL,ENSG00000165502,"ribosome","Ribosomal_L44[1]"
DDX26B,ENSG00000165359,"mRNA","VWA_2[1],INT_SG_DDX_CT_C[1]"
INTS6,ENSG00000102786,"snRNA","VWA_2[1],INT_SG_DDX_CT_C[1]"
RPS7,ENSG00000171863,"ribosome","Ribosomal_S7e[1]"
RRNAD1,ENSG00000143303,"unknown","Methyltransf_32[1]"
MRPS21,ENSG00000187145,"ribosome","Ribosomal_S21[1]"
SETD7,ENSG00000145391,"ncRNA","SET[1],MORN[3]"
RBM8A,ENSG00000131795,"mRNA","RRM_1[1]"
MAGOH,ENSG00000162385,"mRNA","Mago_nashi[1]"
MAGOHB,ENSG00000111196,"mRNA","Mago_nashi[1]"
RPL37A,ENSG00000197756,"ribosome","Ribosomal_L37ae[1]"
NOLC1,ENSG00000166197,"snoRNA","SRP40_C[1]"
IARS2,ENSG00000067704,"tRNA","zf-FPG_IleRS[1],Anticodon_1[1],tRNA-synt_1[1]"
LSM1,ENSG00000175324,"snRNA","LSM[1]"
SUPT4H1,ENSG00000213246,"mRNA","Spt4[1]"
EXO1,ENSG00000174371,"diverse","XPG_N[1],XPG_I[1]"
DCP1B,ENSG00000151065,"mRNA","DCP1[1]"
DCP1A,ENSG00000162290,"mRNA","DCP1[1]"
DNAJC17,ENSG00000104129,"unknown","RRM_5[1],DnaJ[1]"
RNGTT,ENSG00000111880,"mRNA","mRNA_cap_C[1],mRNA_cap_enzyme[1],DSPc[1]"
DUSP11,ENSG00000144048,"mRNA","DSPc[1]"
CHERP,ENSG00000085872,"mRNA","G-patch[1],Surp[1],CTD_bind[1]"
WDR61,ENSG00000140395,"mRNA","WD40[6]"
NANOS1,ENSG00000188613,"mRNA","zf-nanos[1]"
NANOS2,ENSG00000188425,"mRNA","zf-nanos[1]"
NANOS3,ENSG00000187556,"mRNA","zf-nanos[1]"
EBNA1BP2,ENSG00000117395,"rRNA","Ebp2[1]"
HELZ,ENSG00000198265,"mRNA","PAM2[1],AAA_19[1],AAA_11[1],zf-CCCH[1],AAA_12[1]"
RNMTL1,ENSG00000171861,"rRNA","SpoU_methylase[1],SpoU_sub_bind[1]"
PDCD4,ENSG00000150593,"mRNA","MA3[2]"
PTRH2,ENSG00000141378,"tRNA","PTH2[1]"
SART3,ENSG00000075856,"snRNA","Lsm_interact[1],RRM_1[2]"
ZC3H10,ENSG00000135482,"unknown","zf-CCCH[2]"
LSM2,ENSG00000224979,"snRNA","LSM[1]"
MRPS25,ENSG00000131368,"ribosome","L51_S25_CI-B8[1]"
RPP21,ENSG00000241863,"ncRNA","Rpr2[1]"
ZMAT2,ENSG00000146007,"snRNA","zf-C2H2_jaz[1]"
IFIT1,ENSG00000185745,"ncRNA","TPR_1[1],TPR_11[2],TPR_12[1],TPR_16[1]"
IFIT2,ENSG00000119922,"ncRNA","TPR_11[1],TPR_12[1]"
IFIT5,ENSG00000152778,"tRNA","TPR_1[1],TPR_19[1],TPR_11[2],TPR_12[1]"
IFIT1B,ENSG00000204010,"ncRNA","TPR_1[1],TPR_11[2],TPR_12[2]"
IFIT3,ENSG00000119917,"ncRNA","TPR_19[1],TPR_8[1],TPR_11[1],TPR_12[1]"
NOVA1,ENSG00000139910,"mRNA","KH_1[3]"
NOVA2,ENSG00000104967,"mRNA","KH_1[3]"
SNRPD3,ENSG00000100028,"snRNA","LSM[1]"
YARS2,ENSG00000139131,"tRNA","tRNA-synt_1b[1]"
PTCD1,ENSG00000106246,"tRNA","PPR_2[2]"
TSR1,ENSG00000167721,"rRNA","DUF663[1],AARP2CN[1]"
MRPS6,ENSG00000243927,"ribosome","Ribosomal_S6[1]"
TAF9,ENSG00000085231,"snoRNA","TFIID-31kDa[1]"
RPL11,ENSG00000142676,"ribosome","Ribosomal_L5[1],Ribosomal_L5_C[1]"
DDX23,ENSG00000174243,"snRNA","Helicase_C[1],DEAD[1]"
DDX59,ENSG00000118197,"mRNA","zf-HIT[1],Helicase_C[1],DEAD[1]"
CCNT2,ENSG00000082258,"ncRNA","Cyclin_N[1]"
CCNT1,ENSG00000129315,"ncRNA","Cyclin_N[1]"
RPL8,ENSG00000161016,"ribosome","Ribosomal_L2_C[1],Ribosomal_L2[1]"
SARNP,ENSG00000205323,"mRNA","SAP[1]"
IMP3,ENSG00000177971,"snoRNA","Ribosomal_S4[1],S4[1]"
SRRM4,ENSG00000139767,"mRNA","SRRM_C[1]"
CNP,ENSG00000173786,"mRNA","CNPase[1],AAA_33[1]"
LIN28A,ENSG00000131914,"mRNA","zf-CCHC[1],CSD[1]"
LIN28B,ENSG00000187772,"mRNA","zf-CCHC[1],CSD[1]"
EIF3K,ENSG00000178982,"mRNA","PCI_Csn8[1]"
SF3B14,ENSG00000115128,"mRNA","RRM_1[1]"
EIF2S2,ENSG00000125977,"tRNA","eIF-5_eIF-2B[1]"
RNMT,ENSG00000101654,"mRNA","Pox_MCEL[1]"
MRPL42,ENSG00000198015,"ribosome","MRP-S32[1]"
THRAP3,ENSG00000054118,"mRNA","THRAP3_BCLAF1[1]"
BCLAF1,ENSG00000029363,"mRNA","THRAP3_BCLAF1[1]"
CXorf23,ENSG00000173681,"mRNA","THRAP3_BCLAF1[1]"
PNO1,ENSG00000115946,"rRNA","KH_1[1]"
RBM4,ENSG00000173933,"mRNA","RRM_1[2],zf-CCHC[1]"
RBM4B,ENSG00000173914,"mRNA","RRM_1[2],zf-CCHC[1]"
RBM14,ENSG00000239306,"mRNA","RRM_1[2]"
R3HCC1,ENSG00000104679,"unknown","R3H[1],DUF2414[1]"
R3HCC1L,ENSG00000166024,"unknown","DUF2414[1]"
KIAA0430,ENSG00000166783,"ncRNA","RRM_5[1],Limkain-b1[1],NYN[1],OST-HTH[5]"
POP5,ENSG00000167272,"ncRNA","RNase_P_Rpp14[1]"
MRPL51,ENSG00000111639,"ribosome","MRP-L51[1]"
MARS,ENSG00000166986,"tRNA","tRNA-synt_1g[1],GST_C_3[1],WHEP-TRS[1]"
TYW1,ENSG00000198874,"tRNA","Wyosine_form[1],Flavodoxin_1[1],Radical_SAM[1]"
MRPL16,ENSG00000166902,"ribosome","Ribosomal_L16[1]"
DUS1L,ENSG00000169718,"tRNA","Dus[1]"
QRSL1,ENSG00000130348,"tRNA","Amidase[1]"
WARS2,ENSG00000116874,"tRNA","tRNA-synt_1b[1]"
WRAP53,ENSG00000141499,"ncRNA","WD40[2]"
RSL24D1,ENSG00000137876,"rRNA","Ribosomal_L24e[1]"
SF3B4,ENSG00000143368,"mRNA","RRM_1[2]"
TDRD7,ENSG00000196116,"mRNA","TUDOR[3],OST-HTH[1]"
LARP1,ENSG00000155506,"mRNA","La[1]"
LARP1B,ENSG00000138709,"mRNA","La[1]"
RPL23A,ENSG00000198242,"ribosome","Ribosomal_L23[1],Ribosomal_L23eN[1]"
BAZ2A,ENSG00000076108,"ncRNA","MBD[1],WHIM2[1],WHIM3[1],Bromodomain[1],PHD[1],DDT[1],WHIM1[1]"
BAZ2B,ENSG00000123636,"ncRNA","MBD[1],Bromodomain[1],PHD[1],DDT[1]"
EIF3E,ENSG00000104408,"mRNA","eIF3_N[1],PCI[1]"
CWC15,ENSG00000261974,"mRNA","Cwf_Cwc_15[1]"
TOP1,ENSG00000198900,"unknown","Topo_C_assoc[1],Topoisom_I[1],Topoisom_I_N[1]"
RPL31,ENSG00000071082,"ribosome","Ribosomal_L31e[1]"
SUPT6H,ENSG00000109111,"mRNA","S1[1],DLD[1],SH2_2[1],YqgF[1],HTH_44[1],Tex_N[1],HHH_7[1],SPT6_acidic[1]"
TST,ENSG00000128311,"rRNA","Rhodanese[2]"
HNRNPU,ENSG00000153187,"mRNA","SAP[1],SPRY[1],AAA_33[1]"
HNRNPUL1,ENSG00000105323,"mRNA","SAP[1],SPRY[1],AAA_33[1]"
HNRNPUL2,ENSG00000214753,"mRNA","SAP[1],SPRY[1],AAA_33[1]"
RPS25,ENSG00000118181,"ribosome","Ribosomal_S25[1]"
MRPL23,ENSG00000214026,"ribosome","Ribosomal_L23[1]"
EIF1AD,ENSG00000175376,"mRNA","eIF-1a[1]"
SETX,ENSG00000107290,"mRNA","AAA_11[1],AAA_12[1]"
MARS2,ENSG00000247626,"tRNA","tRNA-synt_1g[1],Anticodon_1[1]"
CNOT3,ENSG00000088038,"mRNA","Not3[1],NOT2_3_5[1]"
MTIF2,ENSG00000085760,"tRNA","GTP_EFTU_D2[1],IF-2[1],GTP_EFTU[1]"
JAKMIP1,ENSG00000152969,"mRNA","."
FASTKD1,ENSG00000138399,"mRNA","FAST_1[1],FAST_2[1],RAP[1]"
